epoch,train_loss,val_loss,val_acc
1,0.712806,0.693376,0.501146
2,0.666441,0.693567,0.501044
3,0.639440,0.696180,0.500789
4,0.616086,0.702523,0.499872
5,0.596270,0.713212,0.499956
6,0.579113,0.729617,0.500383
7,0.564174,0.751081,0.500680
8,0.551041,0.773649,0.500320
9,0.539318,0.797131,0.500589
10,0.529017,0.818907,0.500271
11,0.519577,0.838084,0.500659
12,0.511198,0.855937,0.500586
13,0.503490,0.871820,0.500599
14,0.496359,0.886618,0.500589
15,0.489662,0.900045,0.501039
