epoch,train_loss,val_loss,val_acc
1,0.727787,0.694268,0.500260
2,0.706690,0.695357,0.500651
3,0.694931,0.696780,0.501094
4,0.687619,0.699013,0.500563
5,0.682759,0.701057,0.501130
6,0.678993,0.703009,0.500055
7,0.675844,0.704921,0.499406
8,0.673026,0.706691,0.500062
9,0.670480,0.708563,0.499763
10,0.668109,0.710039,0.499224
11,0.665804,0.711350,0.499122
12,0.663562,0.712644,0.498422
13,0.661409,0.714278,0.499013
14,0.659398,0.716331,0.498693
15,0.657343,0.718274,0.498529
