epoch,train_loss,val_loss,val_acc
1,0.706683,0.704607,0.500826
2,0.702367,0.703658,0.500177
3,0.699734,0.702861,0.500513
4,0.697417,0.702404,0.501357
5,0.695272,0.702170,0.499844
6,0.693262,0.701809,0.500792
7,0.691317,0.701703,0.500474
8,0.689481,0.701564,0.499922
9,0.687791,0.701596,0.500500
10,0.686207,0.701680,0.500185
11,0.684658,0.701674,0.500089
12,0.683180,0.701802,0.500797
13,0.681820,0.702128,0.499503
14,0.680526,0.702111,0.500122
15,0.679339,0.702490,0.499529
