epoch,train_loss,val_loss,val_acc
1,0.713907,0.693385,0.499930
2,0.667153,0.693381,0.500016
3,0.639779,0.695172,0.499581
4,0.616304,0.700743,0.498354
5,0.596595,0.712333,0.499596
6,0.579556,0.729016,0.499669
7,0.564697,0.750359,0.500083
8,0.551658,0.773208,0.499919
9,0.540140,0.796621,0.499552
10,0.529761,0.818558,0.499344
11,0.520481,0.838604,0.499102
12,0.512051,0.858214,0.499250
13,0.504472,0.873646,0.499047
14,0.497530,0.889029,0.499396
15,0.491067,0.902093,0.499698
