epoch,train_loss,val_loss,val_acc
1,0.713036,0.693496,0.499990
2,0.668123,0.693584,0.500151
3,0.641307,0.696201,0.500008
4,0.618935,0.703737,0.499396
5,0.600114,0.718041,0.499651
6,0.583720,0.736509,0.498701
7,0.569355,0.759300,0.498857
8,0.556589,0.780394,0.499352
9,0.545309,0.802313,0.499268
10,0.535152,0.820362,0.498995
11,0.525959,0.838232,0.498802
12,0.517758,0.853704,0.498523
13,0.510341,0.869130,0.498716
14,0.503405,0.883447,0.498542
15,0.497092,0.896381,0.499026
