epoch,train_loss,val_loss,val_acc
1,0.706948,0.704777,0.499607
2,0.702261,0.703604,0.499852
3,0.699746,0.702849,0.499435
4,0.697422,0.702376,0.500047
5,0.695258,0.702104,0.499203
6,0.693260,0.701909,0.498940
7,0.691354,0.701651,0.498919
8,0.689549,0.701618,0.499315
9,0.687841,0.701565,0.499430
10,0.686216,0.701630,0.499333
11,0.684646,0.701608,0.499427
12,0.683233,0.701864,0.498654
13,0.681845,0.701873,0.500474
14,0.680583,0.702153,0.500008
15,0.679374,0.702321,0.499776
