epoch,train_loss,val_loss,val_acc
1,0.727747,0.694419,0.500154
2,0.706063,0.695838,0.498586
3,0.694153,0.697688,0.498898
4,0.686898,0.699989,0.499552
5,0.682028,0.702613,0.500305
6,0.678351,0.704534,0.499906
7,0.675236,0.706487,0.499464
8,0.672498,0.708137,0.498911
9,0.669934,0.709446,0.499031
10,0.667546,0.711107,0.499211
11,0.665234,0.712579,0.498898
12,0.662973,0.713702,0.499224
13,0.660769,0.715349,0.499234
14,0.658666,0.717019,0.500203
15,0.656535,0.718783,0.499229
