epoch,train_loss,val_loss,val_acc
1,0.727576,0.694365,0.499667
2,0.706172,0.695567,0.500516
3,0.694059,0.697201,0.499859
4,0.686908,0.699617,0.499464
5,0.682015,0.701665,0.499299
6,0.678326,0.703650,0.499643
7,0.675139,0.705594,0.500193
8,0.672402,0.706941,0.499927
9,0.669827,0.708765,0.500227
10,0.667368,0.710477,0.499315
11,0.665012,0.711367,0.500135
12,0.662716,0.713559,0.500940
13,0.660471,0.715103,0.500594
14,0.658298,0.716942,0.501292
15,0.656160,0.718706,0.500214
