epoch,train_loss,val_loss,val_acc
1,0.706545,0.704776,0.499484
2,0.702198,0.703473,0.499810
3,0.699607,0.702912,0.499536
4,0.697195,0.702300,0.500112
5,0.695075,0.702014,0.499555
6,0.693084,0.701874,0.499896
7,0.691159,0.701557,0.500005
8,0.689317,0.701580,0.499812
9,0.687610,0.701533,0.499594
10,0.685987,0.701645,0.500474
11,0.684452,0.701564,0.500393
12,0.682987,0.701856,0.499865
13,0.681653,0.701893,0.500190
14,0.680361,0.702164,0.500518
15,0.679176,0.702429,0.500109
