epoch,train_loss,val_loss,val_acc
1,0.712563,0.693372,0.500307
2,0.663851,0.693665,0.500323
3,0.635507,0.697069,0.499490
4,0.611898,0.704584,0.499539
5,0.591989,0.718104,0.499654
6,0.574938,0.736668,0.501177
7,0.559951,0.760111,0.500542
8,0.546808,0.782486,0.499497
9,0.535241,0.806897,0.499760
10,0.524677,0.827734,0.499724
11,0.515232,0.847849,0.499310
12,0.506672,0.866379,0.499409
13,0.498828,0.884817,0.499198
14,0.491662,0.898900,0.498867
15,0.485059,0.914435,0.499135
