epoch,train_loss,val_loss,val_acc
1,0.727968,0.694448,0.499049
2,0.706758,0.695690,0.498315
3,0.694716,0.697437,0.499164
4,0.687437,0.700011,0.498341
5,0.682552,0.702221,0.499354
6,0.678781,0.704135,0.498036
7,0.675616,0.705979,0.498997
8,0.672907,0.707520,0.499138
9,0.670323,0.708872,0.499263
10,0.667934,0.710711,0.499924
11,0.665644,0.712110,0.499648
12,0.663397,0.714318,0.499021
13,0.661231,0.715421,0.499451
14,0.659138,0.717120,0.499065
15,0.657067,0.719331,0.499198
