epoch,train_loss,val_loss,val_acc
1,0.706737,0.704638,0.499305
2,0.702414,0.703426,0.500437
3,0.699681,0.703030,0.498779
4,0.697395,0.702456,0.500068
5,0.695202,0.702120,0.498409
6,0.693176,0.701953,0.499406
7,0.691310,0.701858,0.499583
8,0.689555,0.701682,0.499391
9,0.687797,0.701678,0.499448
10,0.686151,0.701736,0.498831
11,0.684600,0.701728,0.499365
12,0.683138,0.701876,0.498234
13,0.681800,0.701984,0.499214
14,0.680506,0.702248,0.498659
15,0.679340,0.702458,0.499174
