epoch,train_loss,val_loss,val_acc
1,0.500012,0.595251,0.838219
2,0.232627,0.352577,0.879531
3,0.179511,0.212309,0.885469
4,0.165777,0.178892,0.892719
5,0.155790,0.166929,0.902031
6,0.146403,0.158726,0.908531
7,0.138629,0.152297,0.911594
8,0.132128,0.146955,0.912250
9,0.126422,0.142239,0.914719
10,0.121853,0.139268,0.913813
11,0.118080,0.137131,0.914750
12,0.114901,0.137107,0.914750
13,0.112472,0.136779,0.914469
14,0.109752,0.135604,0.916344
15,0.106738,0.134701,0.916969
