epoch,train_loss,val_loss,val_acc
1,0.565698,0.633534,0.734281
2,0.379952,0.492490,0.769062
3,0.330936,0.386763,0.793063
4,0.304799,0.339421,0.813719
5,0.284164,0.312817,0.820063
6,0.267545,0.295172,0.820750
7,0.255429,0.283460,0.821094
8,0.247438,0.277455,0.821906
9,0.241434,0.275243,0.823094
10,0.236308,0.273545,0.825562
11,0.231244,0.274767,0.824156
12,0.226670,0.274285,0.825469
13,0.221909,0.273790,0.827937
14,0.217648,0.274422,0.828750
15,0.213489,0.274788,0.829313
