epoch,train_loss,val_loss,val_acc
1,0.709322,0.707134,0.507844
2,0.703563,0.702550,0.508813
3,0.699652,0.699309,0.512219
4,0.696714,0.696742,0.518188
5,0.694306,0.694501,0.521781
6,0.692100,0.692453,0.527875
7,0.690047,0.690495,0.533844
8,0.688052,0.688563,0.539562
9,0.686101,0.686683,0.545500
10,0.684183,0.684841,0.551188
11,0.682287,0.683021,0.559438
12,0.680419,0.681210,0.567656
13,0.678586,0.679404,0.575219
14,0.676780,0.677645,0.583156
15,0.674986,0.675939,0.590781
