epoch,train_loss,val_loss,val_acc
1,0.487472,0.591217,0.863969
2,0.201312,0.341708,0.909906
3,0.140960,0.181560,0.912406
4,0.128526,0.141509,0.914062
5,0.121759,0.130809,0.921312
6,0.115278,0.124920,0.925500
7,0.109284,0.119428,0.930625
8,0.103709,0.114727,0.933500
9,0.098758,0.110923,0.933781
10,0.094630,0.107750,0.935063
11,0.091011,0.105711,0.936094
12,0.087988,0.104383,0.936250
13,0.085448,0.102861,0.938031
14,0.082960,0.102097,0.937813
15,0.080690,0.101446,0.939000
