epoch,train_loss,val_loss,val_acc
1,0.711682,0.708672,0.507062
2,0.704480,0.703285,0.510125
3,0.700078,0.700000,0.513125
4,0.697257,0.697678,0.514875
5,0.695118,0.695781,0.520281
6,0.693311,0.694080,0.524094
7,0.691642,0.692546,0.527250
8,0.690097,0.691110,0.530719
9,0.688614,0.689780,0.534219
10,0.687185,0.688445,0.537969
11,0.685801,0.687085,0.542188
12,0.684436,0.685807,0.546344
13,0.683101,0.684552,0.551719
14,0.681779,0.683292,0.556281
15,0.680483,0.682069,0.561594
