epoch,train_loss,val_loss,val_acc
1,0.581346,0.640523,0.701781
2,0.417413,0.507723,0.735781
3,0.376179,0.421737,0.750500
4,0.352931,0.386987,0.772969
5,0.331855,0.365678,0.783312
6,0.314481,0.348812,0.787094
7,0.301272,0.336736,0.789875
8,0.290657,0.327169,0.790781
9,0.282524,0.321915,0.793063
10,0.276017,0.320258,0.793500
11,0.269978,0.320703,0.794562
12,0.264348,0.320361,0.795719
13,0.259012,0.321474,0.795906
14,0.253834,0.321636,0.797312
15,0.248739,0.323605,0.796250
