epoch,train_loss,val_loss,val_acc
1,0.684953,0.679733,0.585438
2,0.611815,0.646630,0.601938
3,0.580966,0.606719,0.606594
4,0.565387,0.581982,0.609406
5,0.556313,0.571680,0.616313
6,0.549917,0.567422,0.621469
7,0.544609,0.565110,0.626563
8,0.539515,0.562960,0.630031
9,0.534584,0.561295,0.635906
10,0.529670,0.559540,0.637531
11,0.524727,0.557652,0.641469
12,0.519594,0.555815,0.644656
13,0.514617,0.553971,0.648969
14,0.509457,0.551995,0.651344
15,0.504307,0.550006,0.655625
