epoch,train_loss,val_loss,val_acc
1,0.628887,0.657880,0.628406
2,0.529097,0.581602,0.648094
3,0.497651,0.532300,0.667500
4,0.474528,0.508385,0.686094
5,0.452937,0.489089,0.695063
6,0.433514,0.471807,0.699781
7,0.418505,0.460382,0.700719
8,0.407368,0.454570,0.702125
9,0.398621,0.452701,0.702875
10,0.390402,0.451139,0.706438
11,0.383213,0.451522,0.708719
12,0.375494,0.452487,0.710313
13,0.368353,0.452406,0.712187
14,0.360958,0.454599,0.711219
15,0.353792,0.454911,0.712063
