epoch,train_loss,val_loss,val_acc
1,0.548194,0.618816,0.758750
2,0.343569,0.445695,0.793094
3,0.297125,0.335347,0.808125
4,0.277974,0.299938,0.824250
5,0.261408,0.282150,0.836313
6,0.247017,0.268013,0.843156
7,0.234119,0.255654,0.845406
8,0.223741,0.247458,0.846781
9,0.215927,0.242315,0.848094
10,0.209511,0.240555,0.847250
11,0.204524,0.238262,0.850500
12,0.199778,0.237513,0.853000
13,0.195360,0.237029,0.852062
14,0.190971,0.236730,0.853375
15,0.186202,0.237394,0.854250
