epoch,train_loss,val_loss,val_acc
1,0.657995,0.673358,0.591000
2,0.586379,0.626684,0.608281
3,0.557792,0.592400,0.627812
4,0.534568,0.570242,0.645312
5,0.512775,0.550803,0.655500
6,0.493609,0.536044,0.658375
7,0.478139,0.525747,0.659875
8,0.465551,0.520468,0.659281
9,0.454306,0.518452,0.661438
10,0.444848,0.517430,0.661625
11,0.435445,0.518893,0.660844
12,0.426622,0.521751,0.661781
13,0.418094,0.524453,0.662906
14,0.409747,0.525741,0.664281
15,0.400996,0.529054,0.667031
