epoch,train_loss,val_loss,val_acc
1,0.680736,0.678258,0.579000
2,0.607249,0.643904,0.604844
3,0.577872,0.603522,0.610906
4,0.563447,0.579711,0.616375
5,0.554979,0.570325,0.620594
6,0.548776,0.566202,0.626062
7,0.543503,0.563648,0.627563
8,0.538627,0.561653,0.633750
9,0.533815,0.559800,0.636281
10,0.528823,0.558124,0.637781
11,0.523875,0.556487,0.642062
12,0.518732,0.554929,0.644437
13,0.513603,0.552765,0.649156
14,0.508460,0.551020,0.649531
15,0.503315,0.549614,0.650937
