epoch,train_loss,val_loss,val_acc
1,0.619284,0.658204,0.700781
2,0.447877,0.566500,0.810531
3,0.363691,0.437894,0.846187
4,0.315699,0.339126,0.849969
5,0.286910,0.288490,0.850344
6,0.268501,0.265349,0.851469
7,0.255796,0.253461,0.853344
8,0.246482,0.246018,0.855594
9,0.239275,0.240930,0.857406
10,0.233586,0.236937,0.860031
11,0.228589,0.233503,0.861125
12,0.224345,0.230368,0.862844
13,0.220420,0.227473,0.865875
14,0.216709,0.225117,0.868750
15,0.213268,0.222659,0.870000
