epoch,train_loss,val_loss,val_acc
1,0.591946,0.645372,0.682469
2,0.451913,0.530979,0.712719
3,0.413901,0.453700,0.732219
4,0.390361,0.418933,0.753344
5,0.369656,0.396721,0.760344
6,0.352803,0.380828,0.760188
7,0.339289,0.370065,0.763531
8,0.329231,0.365514,0.764938
9,0.321462,0.363070,0.765469
10,0.314708,0.361466,0.768375
11,0.308662,0.360920,0.768188
12,0.302743,0.360810,0.770031
13,0.297040,0.361381,0.770469
14,0.291319,0.361555,0.772531
15,0.285647,0.362246,0.772031
