epoch,train_loss,val_loss,val_acc
1,0.722293,0.716847,0.491063
2,0.714423,0.710819,0.491844
3,0.709194,0.706789,0.496750
4,0.705566,0.703853,0.499500
5,0.702764,0.701487,0.502656
6,0.700364,0.699277,0.506594
7,0.698152,0.697200,0.513469
8,0.696079,0.695238,0.517969
9,0.694090,0.693356,0.523813
10,0.692161,0.691524,0.529438
11,0.690277,0.689713,0.536563
12,0.688418,0.687960,0.543656
13,0.686573,0.686215,0.550969
14,0.684763,0.684454,0.557375
15,0.682966,0.682761,0.563688
