epoch,train_loss,val_loss,val_acc
1,0.707644,0.703553,0.515750
2,0.700867,0.698264,0.520781
3,0.696086,0.694393,0.526375
4,0.692359,0.691299,0.532687
5,0.689276,0.688624,0.540438
6,0.686512,0.686246,0.548594
7,0.683985,0.684004,0.554906
8,0.681578,0.681788,0.563063
9,0.679264,0.679584,0.570531
10,0.676983,0.677408,0.579187
11,0.674758,0.675266,0.588437
12,0.672567,0.673156,0.598156
13,0.670394,0.671034,0.609313
14,0.668256,0.668947,0.618781
15,0.666134,0.666910,0.629062
