epoch,train_loss,val_loss,val_acc
1,0.593671,0.646506,0.768875
2,0.389880,0.532483,0.901719
3,0.290179,0.378942,0.937875
4,0.233244,0.260428,0.939937
5,0.197622,0.196828,0.940438
6,0.173551,0.165805,0.940562
7,0.156203,0.148814,0.940688
8,0.143336,0.137765,0.941625
9,0.133467,0.129672,0.941375
10,0.125738,0.123475,0.942031
11,0.119497,0.118484,0.942219
12,0.114468,0.114195,0.943656
13,0.110170,0.110623,0.943250
14,0.106592,0.107551,0.945094
15,0.103390,0.104736,0.945594
