epoch,train_loss,val_loss,val_acc
1,0.610522,0.652302,0.773312
2,0.403880,0.544612,0.895281
3,0.300036,0.389223,0.934531
4,0.239897,0.265194,0.938719
5,0.202077,0.198252,0.939438
6,0.176672,0.165474,0.940937
7,0.158569,0.147831,0.941094
8,0.145171,0.137008,0.940000
9,0.134890,0.129194,0.940344
10,0.126931,0.123083,0.941438
11,0.120496,0.118334,0.941344
12,0.115294,0.114181,0.941625
13,0.110898,0.110774,0.942344
14,0.107121,0.107813,0.943625
15,0.103857,0.105427,0.943937
