epoch,train_loss,val_loss,val_acc
1,0.631588,0.662025,0.690844
2,0.483488,0.581866,0.771156
3,0.411805,0.472445,0.790031
4,0.371813,0.391899,0.796250
5,0.348639,0.353006,0.797625
6,0.334251,0.335588,0.799562
7,0.324292,0.326483,0.801594
8,0.316859,0.321199,0.804344
9,0.310878,0.317237,0.805781
10,0.305700,0.313861,0.810063
11,0.300961,0.310922,0.813500
12,0.296533,0.308074,0.817375
13,0.292170,0.305106,0.821187
14,0.288042,0.302252,0.824344
15,0.283858,0.299674,0.826313
