epoch,train_loss,val_loss,val_acc
1,0.681544,0.686111,0.537563
2,0.638828,0.669518,0.553656
3,0.612981,0.653962,0.571406
4,0.587570,0.639116,0.581406
5,0.563700,0.623126,0.585500
6,0.543862,0.610184,0.590938
7,0.528762,0.601099,0.595750
8,0.516277,0.594387,0.599875
9,0.505090,0.593036,0.603313
10,0.494335,0.595322,0.602875
11,0.484034,0.598504,0.604187
12,0.473549,0.603288,0.604000
13,0.463521,0.605991,0.603187
14,0.453239,0.612121,0.605656
15,0.442960,0.617429,0.605875
