epoch,train_loss,val_loss,val_acc
1,0.666476,0.680001,0.564344
2,0.605550,0.646770,0.589750
3,0.578758,0.618366,0.601812
4,0.555610,0.598870,0.617594
5,0.532961,0.578237,0.630531
6,0.512368,0.560386,0.634813
7,0.495839,0.551349,0.633656
8,0.482658,0.545916,0.636719
9,0.471506,0.545492,0.637281
10,0.461540,0.546556,0.638250
11,0.451987,0.549479,0.639531
12,0.442601,0.552138,0.638594
13,0.433406,0.556028,0.639375
14,0.424224,0.559411,0.641188
15,0.414760,0.563289,0.642312
