epoch,train_loss,val_loss,val_acc
1,0.452851,0.561729,0.940219
2,0.125652,0.256627,0.969094
3,0.056512,0.088389,0.970375
4,0.045529,0.052957,0.971938
5,0.042170,0.045768,0.973031
6,0.039631,0.042802,0.975437
7,0.037570,0.041198,0.976844
8,0.035766,0.039578,0.977906
9,0.034113,0.038659,0.978156
10,0.032754,0.037564,0.979344
11,0.031413,0.036779,0.979031
12,0.030237,0.036041,0.978938
13,0.029390,0.035895,0.978906
14,0.028503,0.035001,0.979688
15,0.027476,0.035088,0.979969
