epoch,train_loss,val_loss,val_acc
1,0.710656,0.708071,0.495812
2,0.705717,0.704829,0.498500
3,0.702872,0.702982,0.500437
4,0.701046,0.701666,0.502719
5,0.699668,0.700517,0.503500
6,0.698436,0.699400,0.505437
7,0.697254,0.698296,0.507969
8,0.696104,0.697225,0.511000
9,0.694989,0.696188,0.512938
10,0.693896,0.695192,0.514906
11,0.692824,0.694186,0.518000
12,0.691792,0.693219,0.520719
13,0.690770,0.692252,0.523937
14,0.689777,0.691317,0.527500
15,0.688804,0.690435,0.530937
