epoch,train_loss,val_loss,val_acc
1,0.696725,0.684395,0.543656
2,0.647600,0.665425,0.563656
3,0.629021,0.644738,0.571781
4,0.618918,0.633397,0.574719
5,0.612051,0.628709,0.578250
6,0.606349,0.626118,0.582344
7,0.601126,0.623887,0.586969
8,0.595953,0.622129,0.590906
9,0.590880,0.620275,0.593562
10,0.585864,0.618775,0.594688
11,0.580704,0.617534,0.595656
12,0.575735,0.615651,0.600844
13,0.570797,0.614449,0.602750
14,0.565775,0.613187,0.605344
15,0.560870,0.612413,0.605875
