epoch,train_loss,val_loss,val_acc
1,0.712246,0.708029,0.499500
2,0.707023,0.704358,0.500125
3,0.703972,0.702218,0.501031
4,0.702205,0.700929,0.500469
5,0.701075,0.700046,0.501687
6,0.700186,0.699365,0.503031
7,0.699421,0.698772,0.504406
8,0.698713,0.698193,0.506281
9,0.698042,0.697619,0.506500
10,0.697377,0.697088,0.507250
11,0.696752,0.696567,0.508344
12,0.696145,0.696047,0.509094
13,0.695554,0.695579,0.510469
14,0.694986,0.695134,0.513281
15,0.694443,0.694697,0.513281
