epoch,train_loss,val_loss,val_acc
1,0.708908,0.706105,0.499969
2,0.702851,0.701706,0.501313
3,0.698898,0.698663,0.507719
4,0.696037,0.696292,0.515531
5,0.693732,0.694254,0.522094
6,0.691730,0.692328,0.527188
7,0.689844,0.690515,0.532500
8,0.688005,0.688755,0.538156
9,0.686196,0.687014,0.543844
10,0.684419,0.685340,0.550031
11,0.682661,0.683677,0.556813
12,0.680934,0.682009,0.562406
13,0.679233,0.680392,0.569438
14,0.677539,0.678762,0.575219
15,0.675892,0.677196,0.581875
