epoch,train_loss,val_loss,val_acc
1,0.710143,0.706726,0.500219
2,0.705817,0.703862,0.498906
3,0.703910,0.702649,0.499812
4,0.702940,0.701910,0.500594
5,0.702172,0.701269,0.500406
6,0.701428,0.700687,0.500969
7,0.700706,0.700135,0.501219
8,0.700005,0.699548,0.502625
9,0.699343,0.698972,0.502844
10,0.698698,0.698437,0.502625
11,0.698086,0.697950,0.503500
12,0.697487,0.697482,0.503875
13,0.696922,0.696987,0.505344
14,0.696373,0.696537,0.505563
15,0.695850,0.696165,0.507313
