epoch,train_loss,val_loss,val_acc
1,0.465398,0.568823,0.924813
2,0.160315,0.293265,0.939688
3,0.098177,0.132718,0.941688
4,0.086224,0.095716,0.945594
5,0.080793,0.086520,0.950344
6,0.076192,0.082117,0.953750
7,0.072411,0.079277,0.954594
8,0.069133,0.076230,0.955906
9,0.066079,0.074612,0.955719
10,0.063375,0.072477,0.957313
11,0.061173,0.071274,0.958281
12,0.059428,0.070274,0.957500
13,0.057452,0.069851,0.958531
14,0.055897,0.069573,0.959438
15,0.054527,0.068934,0.958906
