epoch,train_loss,val_loss,val_acc
1,0.634947,0.661706,0.686688
2,0.484020,0.583025,0.769938
3,0.411559,0.474266,0.792031
4,0.371586,0.393121,0.795594
5,0.348357,0.353191,0.798281
6,0.333934,0.335370,0.799344
7,0.323979,0.326332,0.803844
8,0.316468,0.321029,0.806406
9,0.310404,0.317196,0.806844
10,0.305181,0.313950,0.810438
11,0.300293,0.310643,0.813656
12,0.295774,0.307802,0.817125
13,0.291280,0.305046,0.821031
14,0.287012,0.302195,0.823906
15,0.282587,0.299451,0.826969
