epoch,train_loss,val_loss,val_acc
1,0.665876,0.671920,0.618437
2,0.562146,0.619442,0.660000
3,0.517771,0.553619,0.668781
4,0.495490,0.511551,0.672125
5,0.483241,0.493912,0.677156
6,0.475453,0.486626,0.680875
7,0.469700,0.482747,0.684000
8,0.464698,0.480052,0.688344
9,0.460192,0.477865,0.691156
10,0.455769,0.475967,0.695969
11,0.451416,0.474151,0.699031
12,0.447148,0.472296,0.700219
13,0.442795,0.470625,0.704156
14,0.438439,0.468868,0.707094
15,0.434009,0.467007,0.709531
