epoch,train_loss,val_loss,val_acc
1,0.483186,0.588901,0.852563
2,0.196619,0.336361,0.908250
3,0.139094,0.177314,0.913594
4,0.126780,0.138977,0.918625
5,0.118729,0.127760,0.925562
6,0.111568,0.121323,0.930187
7,0.105620,0.115857,0.931937
8,0.100333,0.111487,0.933875
9,0.095919,0.108002,0.933969
10,0.092494,0.105859,0.934063
11,0.089526,0.103929,0.935219
12,0.087142,0.103150,0.935312
13,0.084900,0.102742,0.936438
14,0.083188,0.102356,0.937063
15,0.081022,0.101929,0.936781
