epoch,train_loss,val_loss,val_acc
1,0.516285,0.609152,0.831688
2,0.272012,0.394707,0.851437
3,0.218992,0.258695,0.860781
4,0.203739,0.221736,0.869938
5,0.190746,0.207076,0.880156
6,0.179714,0.196073,0.884281
7,0.170230,0.187581,0.884594
8,0.162529,0.181504,0.885563
9,0.156756,0.177816,0.888094
10,0.152321,0.175573,0.887531
11,0.148378,0.173723,0.889406
12,0.144678,0.173051,0.891031
13,0.141359,0.173503,0.891156
14,0.138540,0.172276,0.891750
15,0.135451,0.172980,0.892938
