epoch,train_loss,val_loss,val_acc
1,0.710770,0.706183,0.507875
2,0.703917,0.700948,0.511437
3,0.699530,0.697575,0.514656
4,0.696641,0.695287,0.519188
5,0.694560,0.693561,0.523875
6,0.692890,0.692135,0.527438
7,0.691353,0.690778,0.531219
8,0.689882,0.689454,0.535531
9,0.688473,0.688169,0.539094
10,0.687078,0.686889,0.542844
11,0.685705,0.685635,0.548312
12,0.684357,0.684421,0.553094
13,0.683030,0.683187,0.559344
14,0.681725,0.681953,0.564469
15,0.680431,0.680796,0.568750
