epoch,train_loss,val_loss,val_acc
1,0.627703,0.661792,0.714437
2,0.465628,0.576905,0.795219
3,0.386324,0.455193,0.820094
4,0.342589,0.363542,0.822812
5,0.317103,0.319108,0.824125
6,0.301136,0.299256,0.825156
7,0.290120,0.289200,0.827438
8,0.281999,0.283169,0.829344
9,0.275710,0.278775,0.832313
10,0.270470,0.275073,0.835125
11,0.265894,0.271938,0.836906
12,0.261685,0.269229,0.840531
13,0.257680,0.266459,0.842906
14,0.253803,0.263645,0.846156
15,0.250068,0.261272,0.848844
