epoch,train_loss,val_loss,val_acc
1,0.711902,0.706813,0.504281
2,0.706756,0.703367,0.505281
3,0.703826,0.701510,0.505844
4,0.702201,0.700486,0.506156
5,0.701217,0.699803,0.507156
6,0.700509,0.699227,0.508312
7,0.699896,0.698715,0.508031
8,0.699316,0.698237,0.508344
9,0.698772,0.697817,0.508750
10,0.698261,0.697443,0.508656
11,0.697758,0.697056,0.509125
12,0.697277,0.696740,0.509563
13,0.696823,0.696450,0.510156
14,0.696393,0.696151,0.510062
15,0.695972,0.695860,0.510312
