epoch,train_loss,val_loss,val_acc
1,0.671959,0.681979,0.553531
2,0.621324,0.654325,0.566937
3,0.595702,0.631802,0.585313
4,0.572677,0.614417,0.601313
5,0.551801,0.598650,0.609625
6,0.532664,0.583681,0.616500
7,0.516195,0.573364,0.616281
8,0.502565,0.569195,0.618281
9,0.491264,0.568985,0.617719
10,0.480557,0.571584,0.619594
11,0.470501,0.573297,0.620188
12,0.460393,0.577238,0.620469
13,0.449989,0.581158,0.623406
14,0.440347,0.584306,0.622625
15,0.430159,0.587836,0.624375
