epoch,train_loss,val_loss,val_acc
1,0.469364,0.584128,0.875812
2,0.161473,0.296305,0.939469
3,0.098202,0.129513,0.940719
4,0.087359,0.095078,0.944000
5,0.082354,0.087662,0.947375
6,0.078136,0.083746,0.951000
7,0.074671,0.081298,0.953875
8,0.071244,0.079597,0.954562
9,0.068432,0.076684,0.956000
10,0.066010,0.074925,0.956875
11,0.063549,0.073593,0.956844
12,0.061217,0.072116,0.957344
13,0.059040,0.070751,0.958063
14,0.057012,0.069763,0.958500
15,0.055592,0.069087,0.958719
