epoch,train_loss,val_loss,val_acc
1,0.715479,0.710340,0.506906
2,0.708806,0.705209,0.508844
3,0.704476,0.702075,0.509219
4,0.701733,0.700232,0.507563
5,0.699960,0.699184,0.507094
6,0.698842,0.698467,0.506500
7,0.698000,0.697904,0.506875
8,0.697280,0.697338,0.509000
9,0.696606,0.696778,0.510375
10,0.695948,0.696248,0.512375
11,0.695321,0.695690,0.513656
12,0.694700,0.695154,0.514281
13,0.694101,0.694645,0.515094
14,0.693521,0.694150,0.517875
15,0.692960,0.693655,0.517750
