epoch,train_loss,val_loss,val_acc
1,0.707978,0.704992,0.502531
2,0.704062,0.702365,0.502969
3,0.702071,0.700956,0.505375
4,0.700895,0.700073,0.504750
5,0.700014,0.699401,0.505812
6,0.699300,0.698930,0.505500
7,0.698676,0.698506,0.505625
8,0.698088,0.698040,0.505875
9,0.697533,0.697610,0.506781
10,0.696996,0.697195,0.507656
11,0.696496,0.696820,0.507719
12,0.696002,0.696431,0.507719
13,0.695547,0.696068,0.508469
14,0.695106,0.695764,0.508437
15,0.694689,0.695438,0.508656
