epoch,train_loss,val_loss,val_acc
1,0.689478,0.682558,0.557125
2,0.624837,0.656473,0.583625
3,0.597262,0.622284,0.596469
4,0.582881,0.599894,0.606313
5,0.574516,0.590296,0.609187
6,0.568229,0.586155,0.611750
7,0.562623,0.583710,0.615594
8,0.557415,0.581759,0.620000
9,0.552275,0.579703,0.625344
10,0.546904,0.577739,0.628875
11,0.541601,0.575664,0.632031
12,0.536093,0.573518,0.635656
13,0.530503,0.571176,0.639125
14,0.524854,0.569408,0.641344
15,0.519137,0.567039,0.645094
