epoch,train_loss,val_loss,val_acc
1,0.707721,0.704777,0.503313
2,0.703176,0.701343,0.507594
3,0.700435,0.699097,0.513062
4,0.698380,0.697400,0.516656
5,0.696610,0.695867,0.520844
6,0.694943,0.694422,0.524156
7,0.693294,0.692902,0.528344
8,0.691665,0.691414,0.532469
9,0.690071,0.689916,0.538031
10,0.688503,0.688438,0.542969
11,0.686970,0.687034,0.547312
12,0.685453,0.685642,0.552813
13,0.683969,0.684285,0.557844
14,0.682513,0.682932,0.564781
15,0.681067,0.681600,0.569719
