epoch,train_loss,val_loss,val_acc
1,0.712129,0.709706,0.495875
2,0.707251,0.706516,0.495750
3,0.704534,0.704761,0.496219
4,0.702904,0.703592,0.498375
5,0.701753,0.702601,0.499281
6,0.700787,0.701680,0.500406
7,0.699909,0.700911,0.501156
8,0.699138,0.700216,0.502281
9,0.698437,0.699584,0.503656
10,0.697759,0.698966,0.503406
11,0.697120,0.698393,0.504656
12,0.696509,0.697848,0.504969
13,0.695910,0.697324,0.506406
14,0.695345,0.696808,0.507344
15,0.694794,0.696313,0.509594
