epoch,train_loss,val_loss,val_acc
1,0.696148,0.692991,0.504969
2,0.671217,0.691255,0.525625
3,0.648413,0.685670,0.541813
4,0.622754,0.672855,0.559844
5,0.598217,0.658000,0.563844
6,0.577472,0.646999,0.566500
7,0.560758,0.641212,0.567688
8,0.546042,0.640205,0.567906
9,0.532250,0.641588,0.570281
10,0.518871,0.645141,0.572469
11,0.506201,0.650115,0.573313
12,0.493677,0.656138,0.573937
13,0.480729,0.663276,0.574781
14,0.468073,0.668855,0.575594
15,0.455410,0.679117,0.572812
