epoch,train_loss,val_loss,val_acc
1,0.528247,0.610618,0.800750
2,0.308183,0.420308,0.821094
3,0.260766,0.297594,0.831187
4,0.244911,0.262485,0.843219
5,0.232582,0.247638,0.858062
6,0.220459,0.236087,0.865844
7,0.209281,0.226903,0.865250
8,0.198950,0.219650,0.866656
9,0.190341,0.213526,0.868313
10,0.183838,0.209025,0.867906
11,0.178241,0.206855,0.868281
12,0.173844,0.204843,0.871031
13,0.169743,0.204453,0.873250
14,0.165657,0.203600,0.872219
15,0.161916,0.203408,0.875719
