epoch,train_loss,val_loss,val_acc
1,0.696312,0.683712,0.553063
2,0.636669,0.661442,0.571406
3,0.613087,0.633642,0.578438
4,0.600992,0.616489,0.584625
5,0.593482,0.609352,0.590031
6,0.587712,0.606149,0.594437
7,0.582444,0.603697,0.599187
8,0.577289,0.601575,0.603969
9,0.572290,0.600030,0.605969
10,0.567041,0.598436,0.609375
11,0.561759,0.597050,0.611469
12,0.556670,0.595640,0.616469
13,0.551616,0.594196,0.619687
14,0.546457,0.592967,0.620156
15,0.541278,0.591824,0.625219
