epoch,train_loss,val_loss,val_acc
1,0.692541,0.682077,0.561469
2,0.634175,0.658312,0.569500
3,0.612036,0.631608,0.573719
4,0.600929,0.616725,0.579969
5,0.593727,0.610613,0.583781
6,0.588161,0.607728,0.592187
7,0.583010,0.605731,0.596281
8,0.578134,0.603972,0.602969
9,0.573172,0.602038,0.607094
10,0.568241,0.600319,0.611219
11,0.563167,0.598521,0.612469
12,0.557984,0.596867,0.617000
13,0.552902,0.595352,0.618875
14,0.547775,0.593697,0.620563
15,0.542703,0.592611,0.623625
