epoch,train_loss,val_loss,val_acc
1,0.631017,0.661436,0.616281
2,0.529229,0.586891,0.645250
3,0.494207,0.535929,0.668031
4,0.469101,0.510453,0.684625
5,0.446689,0.489921,0.691719
6,0.428617,0.472445,0.694500
7,0.415007,0.460694,0.699937
8,0.404613,0.455503,0.702156
9,0.396255,0.453678,0.702313
10,0.388331,0.453188,0.707000
11,0.380771,0.453089,0.708531
12,0.373326,0.454061,0.709500
13,0.365971,0.455757,0.710031
14,0.358811,0.456974,0.710812
15,0.351350,0.458102,0.713437
