epoch,train_loss,val_loss,val_acc
1,0.455412,0.582506,0.853156
2,0.127250,0.296556,0.969625
3,0.057118,0.103622,0.970656
4,0.045666,0.055629,0.971750
5,0.041913,0.045884,0.973812
6,0.039569,0.042886,0.975219
7,0.037697,0.041382,0.976625
8,0.035840,0.039835,0.977563
9,0.034100,0.039146,0.977563
10,0.032855,0.037982,0.978375
11,0.031627,0.037524,0.978313
12,0.030539,0.036747,0.978969
13,0.029587,0.036409,0.978688
14,0.028548,0.035908,0.979469
15,0.027569,0.035841,0.979875
