epoch,train_loss,val_loss,val_acc
1,0.718817,0.715109,0.479781
2,0.711996,0.709944,0.485844
3,0.707370,0.706297,0.489156
4,0.703922,0.703334,0.494500
5,0.700971,0.700712,0.500656
6,0.698289,0.698295,0.507781
7,0.695780,0.695941,0.513750
8,0.693368,0.693698,0.519312
9,0.691028,0.691483,0.526156
10,0.688729,0.689270,0.533250
11,0.686467,0.687109,0.539625
12,0.684236,0.684945,0.547500
13,0.682035,0.682818,0.554844
14,0.679851,0.680690,0.563219
15,0.677692,0.678581,0.571844
