epoch,train_loss,val_loss,val_acc
1,0.704130,0.687540,0.531281
2,0.662601,0.674972,0.542219
3,0.646725,0.661007,0.547906
4,0.637709,0.652854,0.555937
5,0.631224,0.649020,0.564813
6,0.625634,0.646662,0.569125
7,0.620445,0.645008,0.571094
8,0.615133,0.643353,0.574438
9,0.610066,0.641473,0.576719
10,0.604910,0.640296,0.579094
11,0.599684,0.638804,0.582063
12,0.594566,0.637619,0.583844
13,0.589547,0.636160,0.587094
14,0.584484,0.634901,0.589406
15,0.579384,0.633723,0.592281
