epoch,train_loss,val_loss,val_acc
1,0.713782,0.710922,0.496625
2,0.707665,0.706257,0.498344
3,0.704345,0.703875,0.500906
4,0.702629,0.702571,0.501875
5,0.701517,0.701668,0.503500
6,0.700611,0.700961,0.502656
7,0.699836,0.700334,0.501687
8,0.699166,0.699785,0.502344
9,0.698546,0.699237,0.502938
10,0.697972,0.698750,0.503000
11,0.697414,0.698258,0.503000
12,0.696872,0.697773,0.503625
13,0.696344,0.697333,0.504875
14,0.695848,0.696891,0.504781
15,0.695372,0.696476,0.505375
