epoch,train_loss,val_loss,val_acc
1,0.605310,0.653091,0.736625
2,0.422044,0.549818,0.850750
3,0.334239,0.410643,0.878375
4,0.284903,0.307015,0.881875
5,0.255042,0.254037,0.884031
6,0.235371,0.229138,0.884469
7,0.221615,0.216025,0.885406
8,0.211362,0.207722,0.885312
9,0.203574,0.202049,0.885250
10,0.197323,0.197721,0.886250
11,0.192203,0.193912,0.889938
12,0.187821,0.190518,0.889875
13,0.183880,0.187743,0.890875
14,0.180349,0.185105,0.893531
15,0.176924,0.182376,0.896875
