epoch,train_loss,val_loss,val_acc
1,0.638186,0.663422,0.681031
2,0.497657,0.587944,0.744656
3,0.433180,0.487634,0.759437
4,0.399201,0.418316,0.763938
5,0.380053,0.386122,0.768687
6,0.367999,0.371849,0.772719
7,0.359515,0.364195,0.775156
8,0.352821,0.359433,0.778969
9,0.347281,0.355915,0.783062
10,0.342365,0.352763,0.785719
11,0.337831,0.349602,0.788937
12,0.333318,0.346786,0.793125
13,0.329004,0.344445,0.795844
14,0.324717,0.341523,0.799063
15,0.320443,0.339036,0.802562
