epoch,train_loss,val_loss,val_acc
1,0.711051,0.710008,0.493563
2,0.706414,0.706429,0.495156
3,0.703686,0.704162,0.495688
4,0.701998,0.702644,0.496000
5,0.700704,0.701537,0.499188
6,0.699690,0.700617,0.501969
7,0.698743,0.699771,0.502469
8,0.697867,0.699026,0.504188
9,0.697018,0.698267,0.506031
10,0.696217,0.697525,0.508406
11,0.695417,0.696876,0.509844
12,0.694649,0.696163,0.511188
13,0.693904,0.695520,0.512312
14,0.693182,0.694845,0.515312
15,0.692477,0.694216,0.516500
