epoch,train_loss,val_loss,val_acc
1,0.710342,0.706636,0.503344
2,0.705425,0.703232,0.502250
3,0.703184,0.701856,0.501938
4,0.702224,0.701272,0.501563
5,0.701664,0.700809,0.501656
6,0.701106,0.700378,0.501000
7,0.700569,0.699971,0.501875
8,0.700059,0.699589,0.501969
9,0.699569,0.699205,0.501844
10,0.699096,0.698822,0.502844
11,0.698644,0.698458,0.502906
12,0.698216,0.698143,0.502094
13,0.697806,0.697838,0.501594
14,0.697413,0.697549,0.501750
15,0.697041,0.697279,0.501781
