epoch,train_loss,val_loss,val_acc
1,0.603985,0.650650,0.745750
2,0.408135,0.544053,0.875656
3,0.312606,0.396679,0.907937
4,0.259123,0.283685,0.910750
5,0.226223,0.225067,0.911156
6,0.204494,0.197173,0.911281
7,0.188961,0.182227,0.910937
8,0.177373,0.172888,0.911781
9,0.168695,0.166104,0.912563
10,0.161767,0.160957,0.913781
11,0.156215,0.156727,0.914156
12,0.151631,0.153373,0.914531
13,0.147612,0.150309,0.915906
14,0.144184,0.147613,0.916937
15,0.141028,0.145311,0.919063
