epoch,train_loss,val_loss,val_acc
1,0.704497,0.688173,0.531094
2,0.662565,0.676383,0.538344
3,0.646442,0.662791,0.544656
4,0.636999,0.654223,0.552813
5,0.630142,0.649895,0.561031
6,0.624269,0.647621,0.564406
7,0.618840,0.646040,0.567438
8,0.613350,0.644545,0.573844
9,0.608115,0.643185,0.577250
10,0.602728,0.641958,0.578219
11,0.597350,0.640908,0.582688
12,0.592171,0.639671,0.583844
13,0.586944,0.638506,0.585250
14,0.581749,0.637784,0.587812
15,0.576688,0.636756,0.589000
