epoch,train_loss,val_loss,val_acc
1,0.714533,0.708484,0.505406
2,0.707800,0.703682,0.506188
3,0.703602,0.700802,0.509531
4,0.700888,0.698796,0.511844
5,0.698839,0.697262,0.513750
6,0.697187,0.695964,0.515531
7,0.695768,0.694787,0.518437
8,0.694492,0.693626,0.521969
9,0.693263,0.692527,0.525062
10,0.692075,0.691454,0.528000
11,0.690911,0.690428,0.531500
12,0.689770,0.689373,0.533656
13,0.688643,0.688373,0.537031
14,0.687541,0.687389,0.540594
15,0.686467,0.686422,0.544937
