epoch,train_loss,val_loss,val_acc
1,0.616937,0.655636,0.735031
2,0.445482,0.562905,0.829969
3,0.362101,0.435181,0.847406
4,0.315040,0.337829,0.848781
5,0.286545,0.288282,0.849844
6,0.268231,0.265491,0.850437
7,0.255651,0.253617,0.851844
8,0.246373,0.246405,0.854313
9,0.239212,0.241277,0.855313
10,0.233409,0.237244,0.857719
11,0.228547,0.233733,0.860969
12,0.224232,0.230802,0.865594
13,0.220357,0.228066,0.866250
14,0.216595,0.225755,0.868375
15,0.212984,0.223067,0.870687
