epoch,train_loss,val_loss,val_acc
1,0.680804,0.686866,0.536438
2,0.638804,0.669987,0.554969
3,0.613822,0.652319,0.580438
4,0.589695,0.635275,0.595594
5,0.566725,0.616168,0.600688
6,0.546432,0.600848,0.605094
7,0.530168,0.593689,0.603406
8,0.516693,0.590938,0.603156
9,0.504860,0.592911,0.601688
10,0.493421,0.595507,0.606000
11,0.482561,0.599004,0.604812
12,0.471563,0.603600,0.606688
13,0.460680,0.607568,0.608594
14,0.449843,0.612724,0.608313
15,0.439297,0.617793,0.609906
