epoch,train_loss,val_loss,val_acc
1,0.708708,0.705884,0.498750
2,0.703511,0.701845,0.505188
3,0.700131,0.698937,0.509594
4,0.697526,0.696570,0.515094
5,0.695233,0.694459,0.520687
6,0.693060,0.692409,0.525531
7,0.690945,0.690424,0.533375
8,0.688868,0.688480,0.539281
9,0.686814,0.686536,0.545094
10,0.684798,0.684612,0.551969
11,0.682803,0.682697,0.559500
12,0.680836,0.680825,0.567156
13,0.678892,0.678980,0.574688
14,0.676981,0.677148,0.582281
15,0.675099,0.675335,0.591031
