epoch,train_loss,val_loss,val_acc
1,0.707373,0.704478,0.499937
2,0.703585,0.701995,0.502719
3,0.701707,0.700721,0.505344
4,0.700539,0.699763,0.506781
5,0.699464,0.698850,0.506719
6,0.698415,0.697979,0.507625
7,0.697391,0.697063,0.509781
8,0.696389,0.696185,0.511563
9,0.695412,0.695331,0.513687
10,0.694476,0.694552,0.516813
11,0.693550,0.693756,0.518406
12,0.692658,0.692954,0.519781
13,0.691787,0.692235,0.522031
14,0.690932,0.691492,0.525156
15,0.690113,0.690768,0.527719
