epoch,train_loss,val_loss,val_acc
1,0.610510,0.655729,0.644906
2,0.491273,0.562480,0.679750
3,0.457817,0.498716,0.693781
4,0.435601,0.469513,0.712469
5,0.414116,0.448570,0.724469
6,0.395094,0.431148,0.727406
7,0.379854,0.417588,0.730344
8,0.367968,0.410201,0.733125
9,0.358851,0.407685,0.736437
10,0.351353,0.407772,0.737187
11,0.344210,0.409269,0.740031
12,0.337216,0.408604,0.740875
13,0.330098,0.407907,0.743625
14,0.322986,0.409850,0.745219
15,0.315876,0.409799,0.745906
