epoch,train_loss,val_loss,val_acc
1,0.630853,0.658678,0.727906
2,0.465875,0.569539,0.805719
3,0.386594,0.449565,0.820844
4,0.342674,0.361277,0.824438
5,0.316991,0.317770,0.825844
6,0.300837,0.298232,0.826406
7,0.289708,0.288379,0.829594
8,0.281477,0.282281,0.830906
9,0.275037,0.277833,0.833281
10,0.269671,0.274246,0.836656
11,0.264989,0.271112,0.838844
12,0.260693,0.268192,0.841562
13,0.256631,0.265267,0.844531
14,0.252755,0.262714,0.847469
15,0.249009,0.259911,0.850969
