epoch,train_loss,val_loss,val_acc
1,0.714472,0.709780,0.496094
2,0.707338,0.704267,0.500531
3,0.702347,0.700264,0.505219
4,0.698582,0.697033,0.511375
5,0.695491,0.694337,0.519406
6,0.692827,0.691978,0.526781
7,0.690445,0.689792,0.531937
8,0.688169,0.687697,0.537875
9,0.685974,0.685608,0.544750
10,0.683821,0.683571,0.552000
11,0.681701,0.681556,0.558937
12,0.679601,0.679532,0.568344
13,0.677534,0.677547,0.576187
14,0.675488,0.675563,0.584219
15,0.673465,0.673609,0.593812
