epoch,train_loss,val_loss,val_acc
1,0.697777,0.692826,0.509531
2,0.676565,0.690968,0.528281
3,0.657999,0.685644,0.545844
4,0.636303,0.674781,0.554312
5,0.614609,0.660500,0.559031
6,0.595803,0.650142,0.559750
7,0.579861,0.645522,0.558844
8,0.566476,0.646187,0.558031
9,0.553657,0.650799,0.559063
10,0.541582,0.655297,0.557281
11,0.529546,0.660091,0.560281
12,0.517260,0.665917,0.560813
13,0.505365,0.671609,0.561094
14,0.492649,0.677372,0.562969
15,0.480627,0.685126,0.562844
