epoch,train_loss,val_loss,val_acc
1,0.707518,0.704382,0.515312
2,0.701550,0.700125,0.518344
3,0.697873,0.697468,0.520062
4,0.695426,0.695568,0.522500
5,0.693555,0.693906,0.527969
6,0.691878,0.692329,0.532594
7,0.690260,0.690770,0.535875
8,0.688667,0.689251,0.541094
9,0.687098,0.687758,0.546000
10,0.685542,0.686305,0.551469
11,0.684027,0.684872,0.557187
12,0.682530,0.683482,0.562375
13,0.681063,0.682099,0.566656
14,0.679611,0.680709,0.572906
15,0.678187,0.679358,0.578438
