epoch,train_loss,val_loss,val_acc
1,0.705702,0.701714,0.514188
2,0.700484,0.698449,0.515000
3,0.697707,0.696547,0.518875
4,0.695904,0.694972,0.521656
5,0.694337,0.693447,0.525375
6,0.692824,0.692042,0.529000
7,0.691382,0.690727,0.533438
8,0.689971,0.689468,0.537281
9,0.688578,0.688222,0.541344
10,0.687221,0.687025,0.544438
11,0.685886,0.685841,0.549312
12,0.684578,0.684666,0.553312
13,0.683300,0.683505,0.557281
14,0.682049,0.682383,0.563156
15,0.680819,0.681283,0.567937
