epoch,train_loss,val_loss,val_acc
1,0.666154,0.671737,0.620344
2,0.563137,0.620162,0.663188
3,0.518449,0.554627,0.671438
4,0.495809,0.511828,0.675719
5,0.483540,0.493514,0.680250
6,0.475571,0.485925,0.682656
7,0.469539,0.481728,0.687500
8,0.464346,0.478767,0.690906
9,0.459563,0.476688,0.692500
10,0.455036,0.474550,0.696719
11,0.450622,0.472754,0.700375
12,0.446236,0.470891,0.702500
13,0.441902,0.469153,0.706313
14,0.437498,0.467367,0.707844
15,0.432996,0.465722,0.709906
