epoch,train_loss,val_loss,val_acc
1,0.643052,0.665284,0.670312
2,0.502742,0.592438,0.745875
3,0.436089,0.491596,0.763375
4,0.400252,0.419211,0.767719
5,0.380028,0.385318,0.768531
6,0.367677,0.370512,0.773969
7,0.359054,0.363091,0.777563
8,0.352426,0.358638,0.778594
9,0.346797,0.354995,0.784219
10,0.341821,0.351960,0.787156
11,0.337178,0.349029,0.791188
12,0.332597,0.346352,0.795406
13,0.328159,0.343383,0.797562
14,0.323806,0.340611,0.802625
15,0.319349,0.337891,0.804438
