epoch,train_loss,val_loss,val_acc
1,0.697048,0.684803,0.548344
2,0.648329,0.666701,0.558906
3,0.629297,0.646444,0.565969
4,0.618891,0.634318,0.573125
5,0.611863,0.628862,0.578969
6,0.606081,0.626243,0.582781
7,0.600795,0.624183,0.584094
8,0.595620,0.622680,0.589500
9,0.590504,0.621109,0.591313
10,0.585420,0.620068,0.593906
11,0.580227,0.619063,0.594750
12,0.575139,0.617894,0.597000
13,0.569939,0.616506,0.599906
14,0.564862,0.615753,0.602875
15,0.560004,0.614867,0.601688
