epoch,train_loss,val_loss,val_acc
1,0.715162,0.710254,0.500250
2,0.708514,0.705378,0.499156
3,0.704425,0.702366,0.502125
4,0.701856,0.700496,0.505812
5,0.700167,0.699156,0.508250
6,0.698894,0.697980,0.511031
7,0.697715,0.696917,0.513969
8,0.696577,0.695868,0.516687
9,0.695471,0.694855,0.518406
10,0.694391,0.693904,0.521781
11,0.693334,0.692965,0.524500
12,0.692294,0.692069,0.526125
13,0.691283,0.691156,0.529281
14,0.690290,0.690315,0.532000
15,0.689324,0.689432,0.534844
