epoch,train_loss,val_loss,val_acc
1,0.711661,0.709842,0.497031
2,0.706507,0.705396,0.499000
3,0.703332,0.702612,0.501938
4,0.701243,0.700665,0.504781
5,0.699521,0.699117,0.506250
6,0.698037,0.697801,0.509594
7,0.696673,0.696593,0.513031
8,0.695377,0.695384,0.516281
9,0.694126,0.694256,0.518031
10,0.692907,0.693143,0.521312
11,0.691720,0.692023,0.523312
12,0.690552,0.690943,0.527188
13,0.689408,0.689921,0.530687
14,0.688289,0.688906,0.533656
15,0.687201,0.687878,0.538250
