epoch,train_loss,val_loss,val_acc
1,0.706978,0.703322,0.513344
2,0.700627,0.698694,0.517844
3,0.696303,0.695479,0.522156
4,0.693156,0.692880,0.529094
5,0.690531,0.690589,0.536156
6,0.688188,0.688413,0.543594
7,0.686009,0.686317,0.549031
8,0.683915,0.684274,0.556031
9,0.681848,0.682298,0.562844
10,0.679827,0.680315,0.570469
11,0.677826,0.678369,0.577844
12,0.675858,0.676472,0.586313
13,0.673909,0.674607,0.593906
14,0.671998,0.672755,0.602156
15,0.670099,0.670909,0.610781
