epoch,train_loss,val_loss,val_acc
1,0.714100,0.711115,0.497406
2,0.707394,0.705793,0.499781
3,0.702745,0.702047,0.506344
4,0.699350,0.699051,0.512312
5,0.696506,0.696492,0.518406
6,0.694034,0.694173,0.524156
7,0.691746,0.692009,0.529563
8,0.689546,0.689905,0.536687
9,0.687406,0.687842,0.543969
10,0.685282,0.685821,0.551969
11,0.683193,0.683806,0.559813
12,0.681121,0.681796,0.567344
13,0.679082,0.679805,0.575781
14,0.677064,0.677869,0.585406
15,0.675067,0.675933,0.594344
