epoch,train_loss,val_loss,val_acc
1,0.713321,0.709575,0.497250
2,0.707991,0.706019,0.496312
3,0.704977,0.703970,0.496094
4,0.703084,0.702619,0.495937
5,0.701735,0.701569,0.497844
6,0.700688,0.700699,0.497375
7,0.699803,0.699930,0.497063
8,0.699018,0.699247,0.498156
9,0.698263,0.698593,0.499156
10,0.697539,0.697956,0.501656
11,0.696842,0.697330,0.502594
12,0.696163,0.696713,0.503250
13,0.695515,0.696155,0.504500
14,0.694871,0.695595,0.505250
15,0.694261,0.695091,0.506563
