epoch,train_loss,val_loss,val_acc
1,0.719409,0.693346,0.506156
2,0.693788,0.693422,0.511437
3,0.682971,0.692777,0.518125
4,0.675048,0.691815,0.521188
5,0.668739,0.690381,0.527813
6,0.663005,0.689061,0.533438
7,0.657671,0.688056,0.537312
8,0.652343,0.686938,0.540188
9,0.647041,0.685918,0.541813
10,0.641655,0.684962,0.544000
11,0.636351,0.684368,0.546312
12,0.631232,0.683867,0.546375
13,0.626057,0.682913,0.548063
14,0.620817,0.683157,0.547656
15,0.615686,0.682409,0.550875
