epoch,train_loss,val_loss,val_acc
1,0.697032,0.692861,0.508750
2,0.674331,0.691183,0.524906
3,0.655627,0.686185,0.542875
4,0.633782,0.676083,0.556500
5,0.610786,0.661907,0.562688
6,0.589438,0.649044,0.564500
7,0.571043,0.641856,0.567250
8,0.555374,0.640384,0.570063
9,0.540700,0.641271,0.570625
10,0.526653,0.644841,0.570500
11,0.513352,0.650104,0.572063
12,0.500430,0.655822,0.574906
13,0.487419,0.661122,0.574375
14,0.474434,0.667236,0.575125
15,0.461644,0.674028,0.577187
