epoch,train_loss,val_loss,val_acc
1,0.708357,0.702950,0.510906
2,0.702682,0.699326,0.514719
3,0.699239,0.697247,0.515531
4,0.697067,0.695793,0.516875
5,0.695456,0.694457,0.520938
6,0.693996,0.693119,0.523906
7,0.692589,0.691796,0.527281
8,0.691223,0.690512,0.532188
9,0.689876,0.689282,0.536125
10,0.688554,0.688125,0.540281
11,0.687260,0.686999,0.544125
12,0.685980,0.685857,0.548969
13,0.684737,0.684734,0.553844
14,0.683509,0.683640,0.558625
15,0.682310,0.682565,0.563594
