epoch,train_loss,val_loss,val_acc
1,0.651463,0.668066,0.657750
2,0.523100,0.602109,0.715000
3,0.463224,0.514154,0.726781
4,0.431410,0.451894,0.729688
5,0.413839,0.422686,0.735750
6,0.402860,0.409772,0.741469
7,0.395132,0.403256,0.744750
8,0.388861,0.398981,0.747000
9,0.383484,0.395727,0.752531
10,0.378519,0.392793,0.756563
11,0.373733,0.390144,0.759000
12,0.369141,0.387272,0.762437
13,0.364507,0.384180,0.767062
14,0.359870,0.381825,0.770563
15,0.355068,0.379053,0.773813
