epoch,train_loss,val_loss,val_acc
1,0.711230,0.690436,0.516906
2,0.677024,0.684171,0.528062
3,0.663673,0.677211,0.534406
4,0.655157,0.672911,0.541219
5,0.648663,0.670234,0.546969
6,0.642803,0.668661,0.549969
7,0.637294,0.666659,0.557813
8,0.631938,0.665376,0.559594
9,0.626552,0.663635,0.564031
10,0.621163,0.662196,0.565781
11,0.615914,0.660833,0.566344
12,0.610650,0.659861,0.570125
13,0.605405,0.658807,0.571438
14,0.600438,0.657775,0.571063
15,0.595458,0.657130,0.574406
