epoch,train_loss,val_loss,val_acc
1,0.718024,0.714041,0.499188
2,0.711182,0.708480,0.499344
3,0.706687,0.704710,0.502313
4,0.703469,0.701909,0.505156
5,0.700900,0.699648,0.508531
6,0.698723,0.697706,0.513219
7,0.696756,0.695947,0.517406
8,0.694926,0.694300,0.522000
9,0.693168,0.692715,0.525469
10,0.691466,0.691146,0.531031
11,0.689811,0.689569,0.538094
12,0.688186,0.688017,0.543125
13,0.686577,0.686504,0.549125
14,0.685009,0.684982,0.555031
15,0.683456,0.683507,0.560813
