epoch,train_loss,val_loss,val_acc
1,0.531221,0.613505,0.737906
2,0.308255,0.415359,0.823719
3,0.261883,0.293490,0.831844
4,0.247389,0.261734,0.842688
5,0.235236,0.248175,0.854219
6,0.223441,0.238173,0.862563
7,0.211627,0.227650,0.866594
8,0.201045,0.219426,0.867313
9,0.191789,0.213294,0.868344
10,0.184739,0.209620,0.866688
11,0.179146,0.206436,0.868250
12,0.174643,0.204558,0.871437
13,0.170333,0.204369,0.872594
14,0.166588,0.203218,0.873656
15,0.162900,0.203459,0.873969
