epoch,train_loss,val_loss,val_acc
1,0.553747,0.621814,0.764625
2,0.350118,0.455391,0.793562
3,0.301721,0.342351,0.804438
4,0.283855,0.306072,0.815625
5,0.267397,0.288649,0.831375
6,0.251736,0.274832,0.838844
7,0.237582,0.262010,0.843250
8,0.226315,0.252751,0.843500
9,0.217663,0.246622,0.845156
10,0.210911,0.242473,0.849375
11,0.205094,0.240941,0.849437
12,0.200268,0.240100,0.848844
13,0.195504,0.239145,0.851406
14,0.190844,0.239496,0.852625
15,0.186805,0.239343,0.852250
