epoch,train_loss,val_loss,val_acc
1,0.594620,0.642903,0.684562
2,0.453143,0.529992,0.711969
3,0.412882,0.456106,0.729750
4,0.386808,0.422090,0.749656
5,0.364285,0.398882,0.757156
6,0.347523,0.381358,0.761406
7,0.334911,0.371020,0.761687
8,0.325458,0.364699,0.765469
9,0.318004,0.362370,0.767875
10,0.310987,0.360589,0.769531
11,0.305109,0.360747,0.770281
12,0.298899,0.361188,0.772719
13,0.293154,0.361341,0.772875
14,0.286943,0.362846,0.773094
15,0.280846,0.363360,0.775625
