epoch,train_loss,val_loss,val_acc
1,0.704575,0.700627,0.514594
2,0.700670,0.698365,0.514656
3,0.698449,0.697097,0.512875
4,0.697083,0.696238,0.515437
5,0.696075,0.695489,0.515312
6,0.695200,0.694799,0.517156
7,0.694379,0.694081,0.518000
8,0.693569,0.693381,0.520406
9,0.692795,0.692722,0.521781
10,0.692047,0.692065,0.523406
11,0.691315,0.691445,0.525625
12,0.690606,0.690888,0.527375
13,0.689924,0.690333,0.529563
14,0.689267,0.689751,0.531500
15,0.688630,0.689204,0.533719
