epoch,train_loss,val_loss,val_acc
1,0.611269,0.650628,0.662188
2,0.490291,0.559468,0.677000
3,0.454322,0.499749,0.693375
4,0.428717,0.469642,0.712594
5,0.406706,0.445949,0.721125
6,0.388889,0.426722,0.724688
7,0.375845,0.416065,0.728500
8,0.366204,0.410652,0.729750
9,0.357961,0.409628,0.731187
10,0.350158,0.408789,0.736125
11,0.343426,0.408716,0.737406
12,0.336735,0.409794,0.738656
13,0.329649,0.411105,0.737906
14,0.322713,0.411349,0.739250
15,0.316094,0.412856,0.740219
