epoch,train_loss,val_loss,val_acc
1,0.646710,0.671673,0.594656
2,0.563949,0.621468,0.613062
3,0.530000,0.579644,0.635563
4,0.502546,0.552267,0.655656
5,0.478715,0.528586,0.662344
6,0.460430,0.510972,0.666781
7,0.446880,0.500347,0.671219
8,0.436243,0.496472,0.672438
9,0.426787,0.497324,0.672937
10,0.417294,0.498452,0.676250
11,0.408378,0.499406,0.677125
12,0.399175,0.501868,0.679281
13,0.390351,0.503213,0.678656
14,0.381822,0.505502,0.680750
15,0.372921,0.508439,0.683344
