epoch,train_loss,val_loss,val_acc
1,0.654784,0.669372,0.643125
2,0.541701,0.610693,0.686094
3,0.489630,0.533244,0.700719
4,0.462560,0.480554,0.704812
5,0.447679,0.456732,0.708844
6,0.438178,0.446778,0.712906
7,0.431305,0.441144,0.716812
8,0.425685,0.437779,0.720125
9,0.420588,0.435147,0.722250
10,0.415677,0.432631,0.727187
11,0.411146,0.430440,0.729313
12,0.406574,0.428079,0.733187
13,0.401937,0.426107,0.736187
14,0.397446,0.424067,0.737437
15,0.393022,0.422215,0.740062
