epoch,train_loss,val_loss,val_acc
1,0.611533,0.650915,0.763969
2,0.414406,0.544829,0.885188
3,0.316965,0.397913,0.908062
4,0.261651,0.284679,0.909813
5,0.227822,0.225728,0.910781
6,0.205484,0.197638,0.911188
7,0.189670,0.182647,0.912687
8,0.177935,0.173182,0.912625
9,0.169021,0.166473,0.913406
10,0.161989,0.161204,0.915438
11,0.156342,0.156966,0.915063
12,0.151564,0.153394,0.915656
13,0.147594,0.150262,0.916781
14,0.144041,0.147537,0.918656
15,0.140905,0.145025,0.920438
