epoch,train_loss,val_loss,val_acc
1,0.519907,0.606063,0.814344
2,0.272135,0.389336,0.854187
3,0.217942,0.254580,0.861875
4,0.200427,0.217328,0.872719
5,0.186354,0.201541,0.881750
6,0.175053,0.190119,0.885969
7,0.166031,0.181848,0.886625
8,0.159132,0.176358,0.887938
9,0.153893,0.173182,0.891906
10,0.150078,0.172142,0.890563
11,0.146860,0.171100,0.892125
12,0.143405,0.171170,0.893719
13,0.140761,0.171613,0.893719
14,0.138002,0.171942,0.894250
15,0.135076,0.169967,0.896281
