epoch,train_loss,val_loss,val_acc
1,0.708858,0.704965,0.506531
2,0.702906,0.700601,0.510594
3,0.699234,0.697935,0.515906
4,0.696841,0.695995,0.519531
5,0.694939,0.694295,0.522875
6,0.693161,0.692583,0.527531
7,0.691405,0.690901,0.532594
8,0.689672,0.689261,0.537219
9,0.687974,0.687643,0.542562
10,0.686301,0.686046,0.548625
11,0.684651,0.684443,0.554813
12,0.683025,0.682900,0.561937
13,0.681424,0.681380,0.568094
14,0.679849,0.679901,0.574937
15,0.678285,0.678416,0.581219
