epoch,train_loss,val_loss,val_acc
1,0.577463,0.631842,0.699406
2,0.415389,0.495193,0.737563
3,0.373313,0.409128,0.759969
4,0.349478,0.375675,0.779312
5,0.329427,0.354429,0.788281
6,0.313092,0.340071,0.788937
7,0.299816,0.330087,0.788813
8,0.290046,0.324132,0.789000
9,0.282889,0.321218,0.789687
10,0.276152,0.319869,0.790781
11,0.270425,0.319790,0.792531
12,0.265155,0.319727,0.793937
13,0.260066,0.320456,0.794375
14,0.255240,0.321104,0.796000
15,0.249839,0.320670,0.798031
