epoch,train_loss,val_loss,val_acc
1,0.713428,0.709165,0.498188
2,0.708363,0.705743,0.497719
3,0.705501,0.703849,0.497000
4,0.703750,0.702684,0.498656
5,0.702558,0.701885,0.499281
6,0.701702,0.701257,0.498469
7,0.700970,0.700694,0.498531
8,0.700334,0.700217,0.498375
9,0.699752,0.699798,0.498125
10,0.699246,0.699403,0.499031
11,0.698755,0.699034,0.499406
12,0.698307,0.698697,0.498437
13,0.697886,0.698399,0.498063
14,0.697477,0.698089,0.498281
15,0.697096,0.697814,0.498469
