epoch,train_loss,val_loss,val_acc
1,0.707339,0.704887,0.505719
2,0.703570,0.702626,0.507656
3,0.701729,0.701423,0.506719
4,0.700477,0.700437,0.507656
5,0.699457,0.699568,0.506906
6,0.698531,0.698762,0.508375
7,0.697671,0.697990,0.509875
8,0.696849,0.697240,0.511094
9,0.696042,0.696555,0.512594
10,0.695261,0.695894,0.513156
11,0.694510,0.695212,0.514938
12,0.693781,0.694561,0.516906
13,0.693084,0.693979,0.518437
14,0.692400,0.693407,0.519687
15,0.691747,0.692790,0.520875
