epoch,train_loss,val_loss,val_acc
1,0.689184,0.681126,0.562625
2,0.621506,0.652913,0.588500
3,0.595675,0.618936,0.596875
4,0.582793,0.598266,0.602313
5,0.575009,0.589466,0.607187
6,0.569089,0.585423,0.613125
7,0.563858,0.583287,0.615469
8,0.559007,0.581277,0.620094
9,0.554069,0.579653,0.622875
10,0.549296,0.578077,0.625719
11,0.544104,0.576311,0.626906
12,0.539074,0.574910,0.630000
13,0.533936,0.572761,0.634031
14,0.528581,0.570996,0.634406
15,0.523411,0.569634,0.638781
