epoch,train_loss,val_loss,val_acc
1,0.717973,0.693413,0.503062
2,0.693164,0.693502,0.512844
3,0.682545,0.692488,0.518625
4,0.674746,0.690811,0.530062
5,0.668417,0.689279,0.534156
6,0.662860,0.687722,0.537156
7,0.657498,0.685814,0.539188
8,0.652119,0.684538,0.543813
9,0.646874,0.683192,0.545000
10,0.641558,0.682449,0.546656
11,0.636538,0.681959,0.546406
12,0.631430,0.681385,0.548250
13,0.626357,0.680810,0.550375
14,0.621196,0.680821,0.550219
15,0.616089,0.680258,0.552219
