epoch,train_loss,val_loss,val_acc
1,0.673098,0.684303,0.556688
2,0.618467,0.658264,0.569156
3,0.588064,0.632455,0.588719
4,0.560985,0.612057,0.598781
5,0.537830,0.592466,0.606406
6,0.519738,0.578153,0.612094
7,0.506184,0.568922,0.617531
8,0.494503,0.566297,0.620031
9,0.484038,0.567912,0.619781
10,0.473428,0.570237,0.621375
11,0.463481,0.572852,0.622094
12,0.453659,0.575899,0.623781
13,0.443784,0.580032,0.623563
14,0.433899,0.583614,0.624531
15,0.423687,0.588830,0.624313
