epoch,train_loss,val_loss,val_acc
1,0.656253,0.669890,0.636188
2,0.539791,0.610400,0.686562
3,0.488250,0.533312,0.694125
4,0.462039,0.481224,0.699438
5,0.447598,0.458095,0.703438
6,0.438315,0.448073,0.707750
7,0.431552,0.442904,0.712219
8,0.425991,0.439738,0.714938
9,0.420970,0.437400,0.717906
10,0.416303,0.434830,0.724281
11,0.411770,0.432678,0.727219
12,0.407218,0.430378,0.731656
13,0.402742,0.427952,0.735281
14,0.398382,0.426140,0.735625
15,0.393820,0.423859,0.741125
