epoch,train_loss,val_loss,val_acc
1,0.712630,0.708725,0.500563
2,0.707045,0.704831,0.500437
3,0.703952,0.702630,0.499906
4,0.702144,0.701352,0.498188
5,0.700958,0.700473,0.499094
6,0.700009,0.699712,0.500969
7,0.699113,0.698910,0.502719
8,0.698244,0.698167,0.504281
9,0.697399,0.697427,0.505000
10,0.696573,0.696720,0.507437
11,0.695777,0.696042,0.508312
12,0.695000,0.695412,0.510406
13,0.694241,0.694764,0.511906
14,0.693502,0.694122,0.513531
15,0.692782,0.693494,0.515906
