epoch,train_loss,val_loss,val_acc
1,0.711884,0.706088,0.509969
2,0.704770,0.700802,0.514125
3,0.700267,0.697295,0.517969
4,0.697205,0.694680,0.522813
5,0.694784,0.692486,0.527188
6,0.692635,0.690512,0.532813
7,0.690585,0.688740,0.537469
8,0.688657,0.687028,0.542625
9,0.686791,0.685331,0.548375
10,0.684976,0.683646,0.555375
11,0.683194,0.682025,0.560500
12,0.681436,0.680411,0.567281
13,0.679718,0.678794,0.572219
14,0.678020,0.677238,0.579156
15,0.676340,0.675689,0.586063
