epoch,train_loss,val_loss,val_acc
1,0.688058,0.690357,0.520125
2,0.653666,0.682012,0.540844
3,0.627950,0.669956,0.562187
4,0.601595,0.651405,0.576781
5,0.578429,0.632196,0.581125
6,0.560411,0.618949,0.582469
7,0.545981,0.613877,0.581688
8,0.533165,0.613473,0.585781
9,0.521312,0.615721,0.587437
10,0.510094,0.619796,0.587219
11,0.499061,0.625101,0.587344
12,0.488020,0.630295,0.587938
13,0.476774,0.635511,0.588344
14,0.465956,0.641475,0.588844
15,0.455138,0.647350,0.590562
