epoch,train_loss,val_loss,val_acc
1,0.697664,0.692804,0.509906
2,0.676233,0.690951,0.532031
3,0.657803,0.685179,0.548750
4,0.636449,0.674834,0.550656
5,0.614493,0.661932,0.556750
6,0.594665,0.653257,0.557375
7,0.578366,0.647706,0.558750
8,0.564193,0.646435,0.559688
9,0.551542,0.650201,0.561719
10,0.539037,0.653309,0.562469
11,0.527101,0.658355,0.560969
12,0.515035,0.665089,0.562219
13,0.503187,0.671557,0.563344
14,0.491269,0.678573,0.563750
15,0.479230,0.685651,0.564281
