epoch,train_loss,val_loss,val_acc
1,0.717981,0.693285,0.504375
2,0.692422,0.693251,0.510406
3,0.681310,0.692383,0.517344
4,0.673221,0.691068,0.524062
5,0.666820,0.689749,0.530813
6,0.661038,0.688482,0.538375
7,0.655303,0.686793,0.540969
8,0.649956,0.685340,0.544188
9,0.644315,0.684342,0.546063
10,0.638870,0.683308,0.546125
11,0.633577,0.682488,0.547906
12,0.628038,0.681488,0.551500
13,0.622757,0.680810,0.551281
14,0.617483,0.680267,0.554375
15,0.612339,0.679281,0.555750
