epoch,train_loss,val_loss,val_acc
1,0.650754,0.675392,0.587469
2,0.565191,0.622814,0.614969
3,0.527717,0.578667,0.642719
4,0.498951,0.548852,0.659344
5,0.476579,0.524493,0.667906
6,0.459695,0.507687,0.666844
7,0.447080,0.499034,0.671656
8,0.436720,0.497244,0.670344
9,0.427357,0.496187,0.674969
10,0.419060,0.497036,0.673594
11,0.410423,0.498819,0.675438
12,0.401972,0.500875,0.675594
13,0.393565,0.501838,0.680125
14,0.385096,0.505059,0.679750
15,0.376322,0.506362,0.683344
