epoch,train_loss,val_loss,val_acc
1,0.665748,0.678461,0.564156
2,0.605740,0.643241,0.582500
3,0.579449,0.616598,0.599688
4,0.557065,0.598921,0.614625
5,0.534887,0.579611,0.628875
6,0.514473,0.562697,0.632094
7,0.497606,0.551409,0.634031
8,0.484472,0.546061,0.638594
9,0.473359,0.544775,0.639219
10,0.462961,0.545781,0.637406
11,0.453418,0.547880,0.640062
12,0.444128,0.550071,0.641156
13,0.434828,0.553685,0.642250
14,0.425415,0.557518,0.641344
15,0.416034,0.560503,0.644344
