epoch,train_loss,val_loss,val_acc
1,0.675733,0.676382,0.596531
2,0.588100,0.635091,0.627656
3,0.550326,0.582939,0.632750
4,0.530880,0.548301,0.640781
5,0.520045,0.533165,0.648000
6,0.512848,0.526617,0.652750
7,0.507121,0.523082,0.656375
8,0.502042,0.520649,0.659531
9,0.497242,0.518394,0.661156
10,0.492442,0.516547,0.667031
11,0.487747,0.514620,0.671500
12,0.482844,0.512661,0.674500
13,0.477827,0.511139,0.678000
14,0.472901,0.508862,0.682406
15,0.467713,0.506452,0.685688
