epoch,train_loss,val_loss,val_acc
1,0.652904,0.666366,0.648906
2,0.523167,0.599438,0.717187
3,0.463481,0.511556,0.730969
4,0.431914,0.450521,0.732688
5,0.414391,0.422160,0.736344
6,0.403529,0.409770,0.739125
7,0.395782,0.403277,0.742313
8,0.389653,0.399083,0.747500
9,0.384326,0.395717,0.751156
10,0.379491,0.392827,0.755531
11,0.374861,0.390105,0.759312
12,0.370373,0.387484,0.762250
13,0.366008,0.384724,0.767500
14,0.361606,0.382049,0.769687
15,0.357281,0.379597,0.772156
