epoch,train_loss,val_loss,val_acc
1,0.498620,0.595892,0.839406
2,0.235303,0.356682,0.881969
3,0.180720,0.214011,0.885406
4,0.167529,0.180050,0.892563
5,0.158507,0.169647,0.900906
6,0.150306,0.162631,0.906687
7,0.142709,0.156999,0.909000
8,0.136128,0.151480,0.912156
9,0.130290,0.146074,0.913594
10,0.125003,0.142431,0.915562
11,0.120488,0.138658,0.916156
12,0.116650,0.137620,0.917406
13,0.113267,0.136370,0.917219
14,0.109984,0.134622,0.919094
15,0.107177,0.133942,0.919594
