epoch,train_loss,val_loss,val_acc
1,0.595232,0.649205,0.800406
2,0.379784,0.533046,0.928562
3,0.272519,0.367549,0.964125
4,0.210457,0.236781,0.968625
5,0.171274,0.166793,0.969781
6,0.144373,0.132471,0.970500
7,0.124859,0.113396,0.970125
8,0.110197,0.100944,0.969406
9,0.098832,0.091869,0.969562
10,0.089966,0.084764,0.969906
11,0.082865,0.079037,0.969969
12,0.077022,0.074230,0.969750
13,0.072168,0.070333,0.970406
14,0.068155,0.066868,0.971406
15,0.064692,0.063848,0.971875
