epoch,train_loss,val_loss,val_acc
1,0.593739,0.646502,0.806438
2,0.375423,0.530026,0.923719
3,0.269112,0.365768,0.964875
4,0.208825,0.235680,0.969375
5,0.170730,0.165487,0.969562
6,0.144510,0.131364,0.970031
7,0.125230,0.112850,0.970469
8,0.110650,0.100903,0.970781
9,0.099378,0.092108,0.971063
10,0.090557,0.085219,0.971344
11,0.083421,0.079525,0.971656
12,0.077587,0.074792,0.971750
13,0.072771,0.070822,0.972313
14,0.068643,0.067338,0.972906
15,0.065180,0.064335,0.973063
