epoch,train_loss,val_loss,val_acc
1,0.712613,0.709347,0.500000
2,0.707221,0.705819,0.496656
3,0.704232,0.703947,0.496937
4,0.702565,0.702883,0.497250
5,0.701450,0.702142,0.498125
6,0.700612,0.701582,0.498437
7,0.699934,0.701113,0.497188
8,0.699378,0.700734,0.495812
9,0.698890,0.700335,0.496063
10,0.698451,0.700003,0.497094
11,0.698036,0.699661,0.496688
12,0.697649,0.699319,0.497312
13,0.697282,0.699019,0.497594
14,0.696929,0.698774,0.496906
15,0.696593,0.698490,0.497688
