epoch,train_loss,val_loss,val_acc
1,0.688752,0.690011,0.525188
2,0.655867,0.681550,0.541781
3,0.632283,0.670429,0.563281
4,0.607648,0.655035,0.576531
5,0.583498,0.637492,0.579688
6,0.562835,0.624465,0.580812
7,0.546165,0.616801,0.583375
8,0.531930,0.615532,0.583562
9,0.519005,0.617134,0.587437
10,0.506889,0.621544,0.589375
11,0.495093,0.625976,0.590719
12,0.483503,0.631796,0.591437
13,0.471548,0.636885,0.592094
14,0.459908,0.643290,0.593812
15,0.448433,0.650579,0.591125
