epoch,train_loss,val_loss,val_acc
1,0.716404,0.711819,0.502437
2,0.709683,0.706601,0.503906
3,0.705472,0.703218,0.503656
4,0.702725,0.700933,0.504687
5,0.700744,0.699285,0.507094
6,0.699228,0.697970,0.509000
7,0.697967,0.696902,0.512656
8,0.696870,0.695945,0.514312
9,0.695856,0.695092,0.515656
10,0.694884,0.694261,0.517844
11,0.693944,0.693425,0.520656
12,0.693034,0.692633,0.522813
13,0.692147,0.691869,0.524469
14,0.691282,0.691141,0.527344
15,0.690438,0.690404,0.530000
