epoch,train_loss,val_loss,val_acc
1,0.717331,0.693375,0.504812
2,0.692487,0.693357,0.507563
3,0.681734,0.692645,0.517406
4,0.673764,0.691310,0.528844
5,0.667555,0.689618,0.533781
6,0.661710,0.687822,0.538250
7,0.656122,0.686096,0.542094
8,0.650702,0.684973,0.544063
9,0.645254,0.683534,0.547188
10,0.639897,0.682555,0.549719
11,0.634502,0.681647,0.552000
12,0.629305,0.681028,0.553000
13,0.624030,0.679955,0.554844
14,0.618916,0.679635,0.555656
15,0.613616,0.679591,0.557250
