epoch,train_loss,val_loss,val_acc
1,0.711713,0.690733,0.519437
2,0.677502,0.685061,0.524156
3,0.663828,0.678219,0.529250
4,0.655062,0.673293,0.538531
5,0.648623,0.670518,0.544562
6,0.642647,0.668730,0.550344
7,0.637165,0.666990,0.553094
8,0.631846,0.665774,0.556781
9,0.626350,0.664676,0.562250
10,0.620952,0.663378,0.565000
11,0.615549,0.662265,0.566844
12,0.610216,0.661478,0.568844
13,0.604867,0.661032,0.570281
14,0.599586,0.660675,0.571500
15,0.594503,0.660085,0.570688
