epoch,train_loss,val_loss,val_acc
1,0.614123,0.653630,0.746188
2,0.429210,0.554692,0.851625
3,0.338767,0.417243,0.876781
4,0.287983,0.311589,0.880188
5,0.257065,0.257313,0.879938
6,0.236914,0.231912,0.880094
7,0.222747,0.218431,0.882313
8,0.212452,0.210154,0.883437
9,0.204503,0.204139,0.884563
10,0.198180,0.199714,0.885875
11,0.193002,0.195987,0.886875
12,0.188516,0.192759,0.888406
13,0.184533,0.190084,0.889719
14,0.180976,0.187341,0.892469
15,0.177503,0.184763,0.895344
