epoch,train_loss,val_loss,val_acc
1,0.673240,0.675990,0.595281
2,0.585415,0.633916,0.628625
3,0.548571,0.580874,0.639844
4,0.530198,0.546655,0.644563
5,0.519826,0.531906,0.649500
6,0.512809,0.525392,0.654375
7,0.507257,0.521925,0.660031
8,0.502166,0.519428,0.662687
9,0.497323,0.517362,0.668312
10,0.492496,0.515342,0.669937
11,0.487533,0.513746,0.673094
12,0.482697,0.511876,0.676281
13,0.477758,0.510024,0.680344
14,0.472868,0.508175,0.683312
15,0.467753,0.506498,0.684000
