epoch,train_loss,val_loss,val_acc
1,0.712483,0.708068,0.496063
2,0.707066,0.704380,0.500750
3,0.704086,0.702509,0.499437
4,0.702517,0.701560,0.498812
5,0.701596,0.701032,0.498531
6,0.700951,0.700625,0.498594
7,0.700407,0.700191,0.497063
8,0.699892,0.699830,0.496719
9,0.699398,0.699436,0.496594
10,0.698927,0.699072,0.497031
11,0.698486,0.698738,0.497344
12,0.698063,0.698411,0.496281
13,0.697652,0.698135,0.495937
14,0.697280,0.697863,0.495719
15,0.696915,0.697604,0.496188
