epoch,train_loss,val_loss,val_acc
1,0.654070,0.673816,0.591187
2,0.581728,0.628783,0.607938
3,0.549459,0.590803,0.639031
4,0.521893,0.562348,0.650281
5,0.498677,0.538765,0.655281
6,0.481258,0.523646,0.658188
7,0.468696,0.517557,0.660500
8,0.458492,0.515550,0.662719
9,0.449301,0.516450,0.664312
10,0.440215,0.517608,0.664219
11,0.431324,0.520024,0.665906
12,0.422702,0.521449,0.667250
13,0.413958,0.523804,0.668000
14,0.405479,0.526502,0.670312
15,0.396830,0.529916,0.671312
