epoch,train_loss,val_loss,val_acc
1,0.565307,0.631059,0.746656
2,0.379084,0.481826,0.772844
3,0.331300,0.377634,0.795656
4,0.307214,0.334160,0.813125
5,0.287430,0.311537,0.815844
6,0.270827,0.294593,0.819312
7,0.258375,0.283807,0.820063
8,0.249478,0.278733,0.820063
9,0.242407,0.275539,0.823812
10,0.236609,0.274804,0.825000
11,0.231566,0.274439,0.825000
12,0.226836,0.273710,0.827406
13,0.222241,0.273955,0.827531
14,0.217254,0.274509,0.829250
15,0.212575,0.274213,0.829906
