epoch,train_loss,val_loss,val_acc
1,0.699292,0.693071,0.508359
2,0.675730,0.693122,0.506797
3,0.659311,0.693775,0.509687
4,0.642852,0.696173,0.511172
5,0.626371,0.701166,0.510594
6,0.609411,0.708699,0.512938
7,0.592099,0.718294,0.511672
8,0.574356,0.729999,0.512953
9,0.556307,0.743130,0.513047
10,0.537859,0.757763,0.513281
11,0.519257,0.773476,0.513594
12,0.500750,0.792164,0.513047
13,0.482092,0.811325,0.511953
14,0.463343,0.831862,0.513844
15,0.444906,0.850155,0.512000
