epoch,train_loss,val_loss,val_acc
1,0.708891,0.704438,0.504109
2,0.703470,0.701987,0.503188
3,0.701595,0.700794,0.504172
4,0.700253,0.699869,0.504844
5,0.699139,0.699073,0.507078
6,0.698166,0.698314,0.508125
7,0.697217,0.697592,0.508797
8,0.696319,0.696968,0.510203
9,0.695466,0.696377,0.510297
10,0.694651,0.695823,0.512109
11,0.693870,0.695246,0.513031
12,0.693142,0.694743,0.514547
13,0.692440,0.694325,0.515984
14,0.691784,0.693874,0.516391
15,0.691154,0.693421,0.518078
