epoch,train_loss,val_loss,val_acc
1,0.704959,0.687160,0.559656
2,0.658635,0.674048,0.598906
3,0.637807,0.656333,0.621203
4,0.625202,0.642310,0.634125
5,0.615821,0.633841,0.645250
6,0.608080,0.628880,0.650297
7,0.601161,0.625444,0.654484
8,0.594628,0.622294,0.657047
9,0.588144,0.619551,0.659969
10,0.581532,0.616191,0.663641
11,0.574816,0.612839,0.666312
12,0.567922,0.609324,0.669656
13,0.560580,0.604782,0.673641
14,0.552846,0.599644,0.677687
15,0.544700,0.594043,0.682484
