epoch,train_loss,val_loss,val_acc
1,0.722062,0.694140,0.496594
2,0.698661,0.695257,0.499359
3,0.689929,0.696894,0.499063
4,0.684382,0.698931,0.498031
5,0.680234,0.700882,0.498734
6,0.676778,0.702715,0.500062
7,0.673784,0.704314,0.499469
8,0.670989,0.705829,0.499453
9,0.668347,0.706908,0.500344
10,0.665627,0.708086,0.501547
11,0.663023,0.709478,0.501750
12,0.660473,0.710789,0.500734
13,0.657832,0.712388,0.501141
14,0.655169,0.713799,0.502328
15,0.652439,0.715301,0.502406
