epoch,train_loss,val_loss,val_acc
1,0.720350,0.692891,0.508016
2,0.693617,0.692275,0.515594
3,0.682804,0.691900,0.521656
4,0.676146,0.692369,0.524141
5,0.671178,0.693511,0.526484
6,0.667103,0.694975,0.528609
7,0.663516,0.696505,0.529453
8,0.660086,0.698178,0.529266
9,0.656841,0.699659,0.529687
10,0.653759,0.701197,0.530219
11,0.650538,0.702682,0.529703
12,0.647383,0.704333,0.529875
13,0.644250,0.706155,0.529625
14,0.641026,0.707910,0.528578
15,0.637848,0.709495,0.528391
