epoch,train_loss,val_loss,val_acc
1,0.711635,0.705823,0.501516
2,0.703962,0.701792,0.506219
3,0.700925,0.699925,0.510125
4,0.699096,0.698541,0.512922
5,0.697484,0.697076,0.516453
6,0.695866,0.695630,0.519328
7,0.694283,0.694307,0.524000
8,0.692784,0.692974,0.528016
9,0.691325,0.691734,0.531984
10,0.689916,0.690545,0.535813
11,0.688538,0.689303,0.539469
12,0.687187,0.688164,0.543391
13,0.685874,0.687046,0.547250
14,0.684603,0.685922,0.551438
15,0.683369,0.684884,0.555281
