epoch,train_loss,val_loss,val_acc
1,0.710524,0.705265,0.502875
2,0.704638,0.703230,0.501906
3,0.702887,0.702142,0.502375
4,0.701746,0.701330,0.503437
5,0.700921,0.700678,0.503625
6,0.700146,0.700159,0.503391
7,0.699388,0.699719,0.503375
8,0.698719,0.699266,0.504687
9,0.698042,0.698846,0.503219
10,0.697422,0.698473,0.503641
11,0.696829,0.698121,0.504922
12,0.696274,0.697771,0.504687
13,0.695739,0.697476,0.505062
14,0.695248,0.697200,0.504812
15,0.694780,0.696924,0.504531
