epoch,train_loss,val_loss,val_acc
1,0.711018,0.706376,0.499875
2,0.703854,0.702810,0.499422
3,0.702050,0.701750,0.500781
4,0.701126,0.701000,0.502422
5,0.700054,0.700242,0.502891
6,0.699017,0.699579,0.503469
7,0.698076,0.698862,0.504531
8,0.697197,0.698150,0.506266
9,0.696342,0.697481,0.507297
10,0.695523,0.696878,0.509328
11,0.694751,0.696328,0.510266
12,0.693992,0.695773,0.511188
13,0.693282,0.695275,0.511469
14,0.692614,0.694815,0.512500
15,0.691964,0.694335,0.514359
