epoch,train_loss,val_loss,val_acc
1,0.722575,0.693765,0.500781
2,0.698401,0.694921,0.502094
3,0.689077,0.696550,0.504391
4,0.683283,0.698506,0.503375
5,0.678912,0.700303,0.503328
6,0.675267,0.702187,0.502266
7,0.672069,0.703830,0.504453
8,0.669105,0.705404,0.503375
9,0.666272,0.706782,0.503516
10,0.663469,0.708169,0.503531
11,0.660776,0.709675,0.503547
12,0.658024,0.711039,0.503547
13,0.655214,0.712504,0.504766
14,0.652406,0.714136,0.504906
15,0.649673,0.716113,0.504891
