epoch,train_loss,val_loss,val_acc
1,0.707413,0.688148,0.546344
2,0.660234,0.675003,0.587625
3,0.639031,0.656938,0.619141
4,0.626147,0.642314,0.638031
5,0.616473,0.633531,0.647500
6,0.608695,0.628393,0.653813
7,0.601682,0.624616,0.658984
8,0.595080,0.621371,0.661937
9,0.588642,0.618464,0.664984
10,0.582125,0.615416,0.667391
11,0.575397,0.612025,0.670141
12,0.568420,0.608226,0.673578
13,0.561190,0.603827,0.676641
14,0.553749,0.599039,0.679953
15,0.545708,0.593689,0.684094
