epoch,train_loss,val_loss,val_acc
1,0.721464,0.692917,0.508250
2,0.694017,0.691826,0.520406
3,0.683328,0.690992,0.526953
4,0.676675,0.691156,0.529484
5,0.671707,0.692176,0.529000
6,0.667598,0.693760,0.530031
7,0.664019,0.695201,0.530766
8,0.660642,0.696666,0.529719
9,0.657454,0.698066,0.530188
10,0.654292,0.699328,0.529781
11,0.651222,0.700574,0.530047
12,0.648169,0.701927,0.529234
13,0.644946,0.703239,0.529578
14,0.641865,0.704447,0.530203
15,0.638784,0.706388,0.529047
