epoch,train_loss,val_loss,val_acc
1,0.690778,0.691571,0.525406
2,0.655002,0.688174,0.542125
3,0.627456,0.682307,0.558672
4,0.602403,0.675591,0.571406
5,0.579403,0.670153,0.584297
6,0.558169,0.666696,0.593547
7,0.537965,0.667402,0.600047
8,0.518615,0.671670,0.603172
9,0.499577,0.679757,0.604891
10,0.481185,0.689084,0.606000
11,0.462922,0.701237,0.604125
12,0.444648,0.713959,0.602500
13,0.426550,0.726354,0.601984
14,0.408830,0.740475,0.600359
15,0.391143,0.754785,0.599547
