epoch,train_loss,val_loss,val_acc
1,0.627314,0.669481,0.663203
2,0.467752,0.611212,0.737844
3,0.326744,0.501907,0.815047
4,0.200724,0.365294,0.895062
5,0.104986,0.227847,0.955828
6,0.050021,0.120350,0.984719
7,0.024674,0.056403,0.997531
8,0.013815,0.027426,0.999844
9,0.008840,0.014667,1.000000
10,0.006302,0.009216,1.000000
11,0.004861,0.006624,1.000000
12,0.003950,0.005192,1.000000
13,0.003326,0.004297,1.000000
14,0.002865,0.003678,1.000000
15,0.002507,0.003220,1.000000
