epoch,train_loss,val_loss,val_acc
1,0.722965,0.693807,0.497172
2,0.699035,0.694743,0.501797
3,0.689598,0.696124,0.502234
4,0.683684,0.697979,0.503000
5,0.679316,0.699822,0.502812
6,0.675759,0.701848,0.503766
7,0.672600,0.703897,0.503812
8,0.669634,0.705901,0.503563
9,0.666826,0.707369,0.502828
10,0.664096,0.709089,0.502141
11,0.661297,0.710712,0.502812
12,0.658588,0.712607,0.502172
13,0.655733,0.714480,0.501172
14,0.652906,0.716337,0.500234
15,0.650075,0.718565,0.501109
