epoch,train_loss,val_loss,val_acc
1,0.699854,0.693359,0.500687
2,0.678141,0.693651,0.498094
3,0.662850,0.694729,0.498828
4,0.647251,0.697690,0.498531
5,0.631151,0.703076,0.497625
6,0.614248,0.710924,0.499344
7,0.596733,0.721756,0.499906
8,0.578476,0.734386,0.497891
9,0.559825,0.749151,0.499094
10,0.540437,0.766770,0.498359
11,0.520787,0.784761,0.500453
12,0.501283,0.804331,0.500250
13,0.481518,0.824629,0.499516
14,0.462113,0.847045,0.500563
15,0.442688,0.869972,0.501062
