epoch,train_loss,val_loss,val_acc
1,0.690887,0.691308,0.525609
2,0.653683,0.687514,0.550516
3,0.625370,0.681249,0.564672
4,0.599533,0.673639,0.578281
5,0.576318,0.667844,0.586203
6,0.555040,0.664594,0.595313
7,0.535193,0.666154,0.600906
8,0.516136,0.670640,0.604453
9,0.497508,0.679412,0.603109
10,0.479470,0.689640,0.604938
11,0.461742,0.701098,0.601781
12,0.444287,0.714955,0.601922
13,0.426836,0.730092,0.601688
14,0.409852,0.744405,0.601266
15,0.392874,0.760096,0.598750
