epoch,train_loss,val_loss,val_acc
1,0.723381,0.693789,0.503172
2,0.698711,0.694417,0.504812
3,0.689389,0.695934,0.506453
4,0.683466,0.697922,0.503812
5,0.679074,0.700028,0.503094
6,0.675412,0.702026,0.502266
7,0.672169,0.703825,0.501906
8,0.669267,0.705735,0.501437
9,0.666472,0.707406,0.501469
10,0.663703,0.708945,0.502203
11,0.660894,0.710713,0.501875
12,0.658153,0.712153,0.503828
13,0.655476,0.713835,0.503859
14,0.652658,0.715575,0.504500
15,0.649872,0.717061,0.505719
