epoch,train_loss,val_loss,val_acc
1,0.707589,0.705206,0.496437
2,0.703540,0.703583,0.497031
3,0.702169,0.702700,0.495531
4,0.701153,0.702033,0.496250
5,0.700346,0.701486,0.496281
6,0.699623,0.701003,0.496484
7,0.698898,0.700528,0.497297
8,0.698254,0.700093,0.497047
9,0.697626,0.699697,0.497125
10,0.697049,0.699354,0.497469
11,0.696511,0.698983,0.497391
12,0.695981,0.698707,0.497656
13,0.695497,0.698392,0.497703
14,0.695041,0.698138,0.496984
15,0.694624,0.697922,0.497344
