epoch,train_loss,val_loss,val_acc
1,0.706677,0.703751,0.500531
2,0.702750,0.701998,0.502547
3,0.701535,0.701306,0.502516
4,0.700655,0.700775,0.501203
5,0.699780,0.700299,0.502281
6,0.699012,0.699793,0.502109
7,0.698309,0.699330,0.502672
8,0.697628,0.698893,0.502922
9,0.696990,0.698509,0.503125
10,0.696397,0.698116,0.502875
11,0.695814,0.697766,0.503062
12,0.695307,0.697527,0.504109
13,0.694800,0.697208,0.504375
14,0.694341,0.696987,0.504156
15,0.693907,0.696730,0.504594
