epoch,train_loss,val_loss,val_acc
1,0.710200,0.705125,0.501687
2,0.703413,0.702068,0.505609
3,0.700596,0.700157,0.508406
4,0.698638,0.698440,0.511984
5,0.696873,0.696899,0.515266
6,0.695240,0.695565,0.518563
7,0.693701,0.694272,0.522234
8,0.692190,0.692972,0.525484
9,0.690729,0.691691,0.529578
10,0.689313,0.690399,0.532719
11,0.687930,0.689254,0.536125
12,0.686576,0.688113,0.539500
13,0.685277,0.686984,0.543922
14,0.684006,0.685865,0.548125
15,0.682770,0.684764,0.551703
