epoch,train_loss,val_loss,val_acc
1,0.700297,0.693489,0.498500
2,0.679603,0.693816,0.498953
3,0.665571,0.695364,0.500047
4,0.651005,0.698594,0.500281
5,0.636058,0.704465,0.500328
6,0.620099,0.712508,0.500922
7,0.603326,0.723434,0.500734
8,0.585921,0.736443,0.500891
9,0.567832,0.749083,0.502594
10,0.549369,0.765303,0.500375
11,0.530392,0.782000,0.499969
12,0.511303,0.799384,0.501938
13,0.491958,0.819236,0.500766
14,0.472739,0.840471,0.502437
15,0.453512,0.859684,0.500984
