epoch,train_loss,val_loss,val_acc
1,0.714773,0.708439,0.499594
2,0.706995,0.704617,0.500250
3,0.704123,0.703133,0.501469
4,0.702598,0.702223,0.500750
5,0.701406,0.701507,0.500266
6,0.700451,0.700893,0.501062
7,0.699681,0.700405,0.500437
8,0.699016,0.699991,0.500281
9,0.698410,0.699651,0.500078
10,0.697836,0.699300,0.500188
11,0.697302,0.698967,0.500625
12,0.696783,0.698676,0.501297
13,0.696302,0.698394,0.500938
14,0.695840,0.698109,0.501500
15,0.695394,0.697895,0.501313
