epoch,train_loss,val_loss,val_acc
1,0.629870,0.669014,0.677719
2,0.480291,0.614410,0.753906
3,0.339621,0.508651,0.835484
4,0.208542,0.357337,0.921734
5,0.108299,0.205979,0.976969
6,0.050760,0.099143,0.995422
7,0.024632,0.044327,0.999437
8,0.013639,0.020657,0.999984
9,0.008687,0.011562,1.000000
10,0.006196,0.007664,1.000000
11,0.004778,0.005821,1.000000
12,0.003886,0.004739,1.000000
13,0.003276,0.004014,1.000000
14,0.002824,0.003479,1.000000
15,0.002477,0.003072,1.000000
