epoch,train_loss,val_loss,val_acc
1,0.699108,0.693007,0.506219
2,0.676075,0.693020,0.508531
3,0.659749,0.693398,0.513797
4,0.643615,0.695804,0.513141
5,0.627289,0.700012,0.514531
6,0.610353,0.707185,0.513906
7,0.593057,0.715681,0.513828
8,0.575143,0.727467,0.514750
9,0.556689,0.741898,0.514641
10,0.538133,0.757713,0.515047
11,0.519334,0.775073,0.515687
12,0.500463,0.792015,0.515922
13,0.481524,0.811226,0.516031
14,0.462459,0.830215,0.514406
15,0.443623,0.853396,0.514141
