epoch,train_loss,val_loss,val_acc
1,0.723168,0.693790,0.502078
2,0.699382,0.694705,0.504188
3,0.690064,0.696335,0.501891
4,0.684240,0.698458,0.502031
5,0.679843,0.700590,0.501984
6,0.676215,0.702755,0.499656
7,0.673059,0.704851,0.499578
8,0.670237,0.706821,0.498969
9,0.667406,0.708657,0.497922
10,0.664706,0.710305,0.498391
11,0.661994,0.712151,0.499375
12,0.659384,0.713630,0.497969
13,0.656573,0.715418,0.498812
14,0.653868,0.716920,0.499219
15,0.651086,0.718975,0.499188
