epoch,train_loss,val_loss,val_acc
1,0.708603,0.705470,0.496250
2,0.703543,0.704106,0.497703
3,0.702437,0.703443,0.497297
4,0.701573,0.702720,0.497406
5,0.700792,0.702183,0.497406
6,0.700051,0.701764,0.496969
7,0.699367,0.701332,0.496750
8,0.698718,0.700863,0.495781
9,0.698107,0.700411,0.496625
10,0.697526,0.700069,0.497328
11,0.696983,0.699775,0.496922
12,0.696469,0.699455,0.496672
13,0.695969,0.699138,0.496250
14,0.695515,0.698912,0.496953
15,0.695089,0.698699,0.496266
