epoch,train_loss,val_loss,val_acc
1,0.709842,0.705156,0.501219
2,0.703913,0.703175,0.500047
3,0.702402,0.702654,0.499703
4,0.701562,0.702087,0.500000
5,0.700766,0.701594,0.498500
6,0.700060,0.701110,0.498609
7,0.699398,0.700653,0.498063
8,0.698773,0.700233,0.498500
9,0.698173,0.699891,0.498141
10,0.697618,0.699553,0.498156
11,0.697088,0.699238,0.497563
12,0.696583,0.698962,0.497859
13,0.696111,0.698673,0.498281
14,0.695656,0.698455,0.497734
15,0.695223,0.698240,0.498359
