epoch,train_loss,val_loss,val_acc
1,0.700092,0.693546,0.498812
2,0.676077,0.694098,0.495188
3,0.659474,0.695367,0.496406
4,0.642714,0.698410,0.498359
5,0.625576,0.703837,0.498141
6,0.607756,0.711423,0.500938
7,0.589372,0.722039,0.500516
8,0.570420,0.735547,0.501531
9,0.550997,0.751148,0.501047
10,0.531390,0.766919,0.502125
11,0.511492,0.785925,0.502391
12,0.491902,0.804081,0.504687
13,0.472123,0.824296,0.502984
14,0.452669,0.845677,0.505656
15,0.433597,0.867380,0.506547
