epoch,train_loss,val_loss,val_acc
1,0.723744,0.693804,0.500219
2,0.699489,0.694695,0.501281
3,0.690086,0.696114,0.503078
4,0.684117,0.697986,0.504812
5,0.679614,0.700064,0.503594
6,0.675914,0.702123,0.501453
7,0.672654,0.704237,0.499969
8,0.669653,0.705994,0.500437
9,0.666813,0.707783,0.500578
10,0.663996,0.709240,0.500703
11,0.661169,0.710804,0.501719
12,0.658317,0.712334,0.502391
13,0.655486,0.714366,0.503156
14,0.652558,0.715972,0.503266
15,0.649638,0.717906,0.502609
