epoch,train_loss,val_loss,val_acc
1,0.709965,0.704506,0.500313
2,0.704013,0.702474,0.500141
3,0.702208,0.701906,0.500422
4,0.701377,0.701380,0.501594
5,0.700630,0.700777,0.501578
6,0.699882,0.700317,0.502297
7,0.699204,0.699872,0.501219
8,0.698577,0.699545,0.502563
9,0.697987,0.699200,0.501188
10,0.697426,0.698915,0.501984
11,0.696886,0.698659,0.502156
12,0.696387,0.698364,0.503094
13,0.695920,0.698082,0.502078
14,0.695464,0.697877,0.502781
15,0.695028,0.697746,0.501734
