epoch,train_loss,val_loss,val_acc
1,0.710391,0.705980,0.501375
2,0.704464,0.703421,0.502516
3,0.702518,0.702470,0.501156
4,0.701551,0.701780,0.500766
5,0.700705,0.701240,0.500266
6,0.699960,0.700795,0.501453
7,0.699301,0.700408,0.501687
8,0.698667,0.700025,0.501766
9,0.698072,0.699661,0.501125
10,0.697504,0.699261,0.502125
11,0.696966,0.698952,0.501703
12,0.696470,0.698662,0.501250
13,0.695993,0.698400,0.501047
14,0.695549,0.698202,0.501938
15,0.695133,0.697945,0.501547
