epoch,train_loss,val_loss,val_acc
1,0.723263,0.694020,0.498297
2,0.699164,0.695079,0.496172
3,0.689851,0.696736,0.498500
4,0.684155,0.698888,0.499547
5,0.679827,0.701057,0.498188
6,0.676262,0.703234,0.498266
7,0.673174,0.705335,0.499109
8,0.670308,0.707105,0.498453
9,0.667539,0.708754,0.498453
10,0.664791,0.710233,0.498016
11,0.662145,0.711820,0.497891
12,0.659404,0.713328,0.497609
13,0.656838,0.715160,0.498266
14,0.654083,0.716592,0.497312
15,0.651404,0.718767,0.498125
