epoch,train_loss,val_loss,val_acc
1,0.700490,0.693469,0.499437
2,0.677278,0.693833,0.500406
3,0.661460,0.695258,0.500969
4,0.644913,0.698604,0.497703
5,0.627808,0.704268,0.497359
6,0.609637,0.712721,0.497656
7,0.590626,0.724121,0.497312
8,0.570897,0.737310,0.497844
9,0.550868,0.753601,0.497984
10,0.530317,0.771414,0.499625
11,0.509621,0.791490,0.498094
12,0.488829,0.813391,0.499844
13,0.468188,0.834214,0.498703
14,0.447722,0.858566,0.500719
15,0.427565,0.880431,0.500203
