epoch,train_loss,val_loss,val_acc
1,0.700398,0.693420,0.498188
2,0.678037,0.693892,0.499609
3,0.662918,0.695539,0.499297
4,0.647667,0.698826,0.498797
5,0.631870,0.704257,0.497563
6,0.615090,0.712284,0.496672
7,0.597677,0.722317,0.497453
8,0.579551,0.736105,0.496594
9,0.560913,0.751766,0.495266
10,0.541639,0.769735,0.497234
11,0.522292,0.788683,0.498641
12,0.502713,0.810048,0.498281
13,0.483430,0.828865,0.498875
14,0.463692,0.853285,0.499719
15,0.444380,0.873101,0.498844
