epoch,train_loss,val_loss,val_acc
1,0.700070,0.693367,0.501750
2,0.678355,0.693800,0.500000
3,0.663170,0.694979,0.500359
4,0.647497,0.697507,0.502062
5,0.631278,0.702175,0.500797
6,0.614240,0.709026,0.501469
7,0.596312,0.718251,0.503766
8,0.577485,0.730259,0.503484
9,0.558446,0.744260,0.504719
10,0.538678,0.760317,0.505344
11,0.518625,0.779063,0.505609
12,0.498630,0.797926,0.504891
13,0.478713,0.816037,0.505828
14,0.458963,0.838228,0.507219
15,0.439385,0.859722,0.507141
