epoch,train_loss,val_loss,val_acc
1,0.723501,0.693622,0.502313
2,0.699526,0.694469,0.501188
3,0.690015,0.696139,0.500219
4,0.683931,0.698293,0.500172
5,0.679438,0.700609,0.499688
6,0.675753,0.702911,0.498750
7,0.672505,0.704972,0.498219
8,0.669364,0.706911,0.498469
9,0.666400,0.708734,0.499453
10,0.663542,0.710769,0.498844
11,0.660614,0.712533,0.499109
12,0.657727,0.714368,0.499266
13,0.654810,0.716193,0.499109
14,0.651862,0.717814,0.499859
15,0.648743,0.719946,0.500391
