epoch,train_loss,val_loss,val_acc
1,0.709619,0.703751,0.502313
2,0.704298,0.702234,0.501703
3,0.702639,0.701954,0.502016
4,0.701672,0.701607,0.500375
5,0.700847,0.701097,0.499875
6,0.700107,0.700533,0.499859
7,0.699408,0.699961,0.500203
8,0.698729,0.699550,0.499969
9,0.698113,0.699190,0.500969
10,0.697522,0.698840,0.500938
11,0.696977,0.698571,0.501359
12,0.696449,0.698291,0.501047
13,0.695954,0.698028,0.500141
14,0.695491,0.697785,0.500563
15,0.695052,0.697540,0.500844
