epoch,train_loss,val_loss,val_acc
1,0.700068,0.693493,0.497281
2,0.675996,0.694079,0.498422
3,0.659801,0.695716,0.499859
4,0.643564,0.698631,0.501875
5,0.626910,0.704168,0.503156
6,0.609669,0.711435,0.503719
7,0.591643,0.722659,0.504203
8,0.572924,0.736266,0.502469
9,0.553688,0.751028,0.501281
10,0.534156,0.768753,0.501266
11,0.514272,0.785994,0.502000
12,0.494392,0.807490,0.501641
13,0.474480,0.827531,0.501375
14,0.454534,0.849199,0.500531
15,0.435095,0.871719,0.501531
