epoch,train_loss,val_loss,val_acc
1,0.723482,0.694061,0.499234
2,0.699212,0.695511,0.498031
3,0.689807,0.697077,0.497172
4,0.683947,0.698805,0.498734
5,0.679470,0.700599,0.499109
6,0.675965,0.702455,0.500141
7,0.672795,0.704357,0.501141
8,0.669793,0.706209,0.501313
9,0.667003,0.707827,0.500406
10,0.664259,0.709451,0.500297
11,0.661565,0.710882,0.500984
12,0.658819,0.712417,0.500719
13,0.656046,0.714087,0.499609
14,0.653309,0.715722,0.500891
15,0.650467,0.717666,0.500703
