epoch,train_loss,val_loss,val_acc
1,0.700176,0.693373,0.500781
2,0.677566,0.693898,0.499344
3,0.662052,0.695194,0.502984
4,0.646447,0.698250,0.501922
5,0.630359,0.703598,0.500234
6,0.613476,0.711506,0.500938
7,0.595810,0.722113,0.501203
8,0.577680,0.734230,0.500797
9,0.558891,0.748556,0.502328
10,0.539800,0.765137,0.502859
11,0.520486,0.784091,0.502219
12,0.501155,0.801960,0.502500
13,0.481445,0.820974,0.501531
14,0.462134,0.843303,0.502609
15,0.442882,0.866077,0.503234
