epoch,train_loss,val_loss,val_acc
1,0.700396,0.693563,0.495844
2,0.677848,0.693920,0.499672
3,0.662502,0.695052,0.501672
4,0.646788,0.698075,0.500062
5,0.630539,0.703320,0.500406
6,0.613687,0.711442,0.501422
7,0.595839,0.722336,0.498453
8,0.577257,0.735609,0.500656
9,0.558171,0.751958,0.500422
10,0.538796,0.768755,0.500297
11,0.519063,0.786569,0.500328
12,0.499381,0.806954,0.500313
13,0.479582,0.825262,0.499812
14,0.459810,0.849251,0.498063
15,0.440476,0.871119,0.499219
