epoch,train_loss,val_loss,val_acc
1,0.723267,0.693970,0.500812
2,0.699335,0.695209,0.500234
3,0.689901,0.697040,0.498766
4,0.684034,0.699078,0.498281
5,0.679600,0.700979,0.499094
6,0.676071,0.702961,0.499594
7,0.672863,0.705052,0.498453
8,0.670007,0.706760,0.499000
9,0.667156,0.708042,0.499984
10,0.664517,0.709580,0.500234
11,0.661850,0.710955,0.500219
12,0.659103,0.712355,0.500437
13,0.656370,0.714203,0.501344
14,0.653693,0.715511,0.500313
15,0.650879,0.717312,0.501406
