epoch,train_loss,val_loss,val_acc
1,0.708580,0.704338,0.501437
2,0.703700,0.702950,0.500812
3,0.702489,0.702439,0.499906
4,0.701633,0.701890,0.499781
5,0.700824,0.701374,0.500344
6,0.700078,0.700865,0.500219
7,0.699361,0.700344,0.500078
8,0.698701,0.699837,0.500156
9,0.698088,0.699525,0.500531
10,0.697496,0.699257,0.500094
11,0.696946,0.698899,0.499937
12,0.696410,0.698522,0.499563
13,0.695918,0.698278,0.499016
14,0.695451,0.698048,0.499703
15,0.695020,0.697849,0.500516
