epoch,train_loss,val_loss,val_acc
1,0.707976,0.704797,0.500797
2,0.703418,0.703497,0.498906
3,0.702292,0.702983,0.499719
4,0.701438,0.702355,0.499094
5,0.700585,0.701705,0.499812
6,0.699779,0.701141,0.500953
7,0.699059,0.700666,0.501094
8,0.698387,0.700218,0.501000
9,0.697726,0.699776,0.501313
10,0.697114,0.699380,0.500859
11,0.696538,0.699043,0.500922
12,0.695998,0.698706,0.501938
13,0.695477,0.698392,0.501812
14,0.694984,0.698095,0.500859
15,0.694541,0.697830,0.501578
