epoch,train_loss,val_loss,val_acc
1,0.699560,0.693368,0.501328
2,0.676418,0.693691,0.500188
3,0.660318,0.694930,0.502484
4,0.644121,0.697923,0.502828
5,0.627409,0.702980,0.503203
6,0.610195,0.711208,0.503734
7,0.592218,0.721496,0.503188
8,0.573683,0.735087,0.504078
9,0.555166,0.752031,0.504422
10,0.536093,0.769018,0.504703
11,0.517079,0.788033,0.505500
12,0.498049,0.806798,0.503594
13,0.479166,0.827761,0.503719
14,0.460107,0.848632,0.504625
15,0.441580,0.869265,0.504094
