epoch,train_loss,val_loss,val_acc
1,0.723487,0.693856,0.497812
2,0.698750,0.694937,0.498594
3,0.689142,0.696566,0.500547
4,0.683183,0.698623,0.501563
5,0.678781,0.700722,0.502437
6,0.675191,0.702802,0.502578
7,0.671876,0.704803,0.503437
8,0.669050,0.706530,0.503125
9,0.666105,0.708318,0.503844
10,0.663325,0.709974,0.503859
11,0.660575,0.711448,0.503797
12,0.657785,0.712969,0.503047
13,0.654966,0.714664,0.500875
14,0.652107,0.716650,0.502141
15,0.649197,0.718390,0.502094
