epoch,train_loss,val_loss,val_acc
1,0.723428,0.693878,0.500391
2,0.699038,0.694676,0.501141
3,0.689354,0.695938,0.502906
4,0.683430,0.697757,0.504062
5,0.678977,0.699861,0.504766
6,0.675332,0.701922,0.504031
7,0.672079,0.703819,0.501469
8,0.669138,0.705460,0.502359
9,0.666259,0.707019,0.502422
10,0.663481,0.708709,0.501984
11,0.660617,0.710600,0.501375
12,0.657870,0.712295,0.501094
13,0.655013,0.714024,0.500000
14,0.652220,0.715846,0.500875
15,0.649345,0.718280,0.499375
