epoch,train_loss,val_loss,val_acc
1,0.709625,0.704891,0.502047
2,0.703974,0.702410,0.502812
3,0.702218,0.701606,0.503750
4,0.701292,0.700975,0.503313
5,0.700443,0.700394,0.504313
6,0.699666,0.699907,0.503516
7,0.698956,0.699553,0.503219
8,0.698294,0.699174,0.502594
9,0.697658,0.698761,0.502719
10,0.697063,0.698416,0.503891
11,0.696507,0.698091,0.503328
12,0.695969,0.697824,0.504656
13,0.695469,0.697519,0.503625
14,0.695000,0.697303,0.503859
15,0.694569,0.697091,0.503687
