epoch,train_loss,val_loss,val_acc
1,0.709113,0.705202,0.498359
2,0.704181,0.703747,0.497875
3,0.702941,0.702771,0.499344
4,0.701799,0.701890,0.500375
5,0.700784,0.701137,0.500328
6,0.699827,0.700416,0.501625
7,0.698911,0.699700,0.502641
8,0.698029,0.699022,0.503687
9,0.697194,0.698412,0.504344
10,0.696375,0.697807,0.505328
11,0.695601,0.697233,0.506000
12,0.694858,0.696697,0.506766
13,0.694160,0.696157,0.508297
14,0.693464,0.695691,0.508844
15,0.692823,0.695234,0.510375
