epoch,train_loss,val_loss,val_acc
1,0.716723,0.691663,0.522062
2,0.684559,0.687771,0.544250
3,0.670940,0.682839,0.556641
4,0.661902,0.678408,0.566562
5,0.654702,0.674862,0.572719
6,0.648293,0.672269,0.576797
7,0.642217,0.670176,0.580547
8,0.636181,0.667931,0.584344
9,0.629989,0.665846,0.586656
10,0.623618,0.663123,0.590422
11,0.617054,0.660022,0.595281
12,0.610038,0.656671,0.599297
13,0.602791,0.652755,0.604578
14,0.595308,0.648469,0.610344
15,0.587498,0.644072,0.614422
