epoch,train_loss,val_loss,val_acc
1,0.699984,0.693390,0.499781
2,0.677688,0.693696,0.500375
3,0.662601,0.695320,0.500219
4,0.647460,0.698636,0.499453
5,0.632019,0.704408,0.499969
6,0.615588,0.713234,0.499453
7,0.598502,0.724318,0.500563
8,0.580722,0.737326,0.501375
9,0.562612,0.752320,0.501563
10,0.543794,0.767567,0.502656
11,0.524640,0.785511,0.502922
12,0.505351,0.800739,0.503844
13,0.486008,0.821442,0.502922
14,0.466728,0.842212,0.502609
15,0.447450,0.860808,0.503437
