epoch,train_loss,val_loss,val_acc
1,0.724096,0.694018,0.499969
2,0.699673,0.694921,0.499203
3,0.690000,0.696284,0.498578
4,0.684075,0.698058,0.498609
5,0.679697,0.700129,0.498672
6,0.676021,0.702119,0.499500
7,0.672767,0.703952,0.499688
8,0.669836,0.705808,0.500437
9,0.666977,0.707448,0.500875
10,0.664051,0.708913,0.501094
11,0.661231,0.710755,0.500781
12,0.658532,0.712249,0.500563
13,0.655600,0.713786,0.499328
14,0.652865,0.715496,0.500625
15,0.649992,0.717389,0.500453
