epoch,train_loss,val_loss,val_acc
1,0.723417,0.693907,0.501844
2,0.699415,0.694674,0.501906
3,0.690089,0.696334,0.501953
4,0.684351,0.698557,0.497578
5,0.680066,0.700768,0.496828
6,0.676475,0.702742,0.498125
7,0.673398,0.704431,0.498719
8,0.670524,0.706152,0.498125
9,0.667745,0.707599,0.498609
10,0.665037,0.709233,0.499016
11,0.662318,0.710807,0.499516
12,0.659704,0.712687,0.499047
13,0.656978,0.714570,0.499078
14,0.654180,0.715942,0.499781
15,0.651458,0.718298,0.500297
