epoch,train_loss,val_loss,val_acc
1,0.722574,0.693879,0.499922
2,0.698667,0.694785,0.502250
3,0.689352,0.696197,0.502328
4,0.683361,0.698068,0.501563
5,0.678874,0.700053,0.502844
6,0.675230,0.702041,0.502859
7,0.672012,0.703928,0.502078
8,0.668936,0.705714,0.501906
9,0.666136,0.707289,0.501953
10,0.663246,0.708809,0.503062
11,0.660364,0.710139,0.503062
12,0.657600,0.711698,0.502828
13,0.654758,0.713253,0.502016
14,0.651853,0.715138,0.501531
15,0.648918,0.716714,0.502250
