epoch,train_loss,val_loss,val_acc
1,0.700034,0.693429,0.500062
2,0.678343,0.693749,0.500297
3,0.663253,0.694934,0.501000
4,0.647634,0.697652,0.502203
5,0.631573,0.702550,0.501125
6,0.614611,0.710200,0.501297
7,0.597071,0.720500,0.501234
8,0.579130,0.734264,0.501391
9,0.560407,0.749330,0.500375
10,0.541582,0.766398,0.500125
11,0.522545,0.785051,0.500859
12,0.503495,0.804187,0.501531
13,0.484285,0.822469,0.501531
14,0.465188,0.845083,0.501828
15,0.446128,0.864752,0.502594
