epoch,train_loss,val_loss,val_acc
1,0.710462,0.706941,0.496922
2,0.704122,0.704336,0.499109
3,0.702357,0.703477,0.498750
4,0.701528,0.702773,0.499000
5,0.700757,0.702136,0.500219
6,0.700023,0.701638,0.499578
7,0.699380,0.701175,0.498891
8,0.698748,0.700786,0.499234
9,0.698175,0.700350,0.498437
10,0.697616,0.699976,0.498531
11,0.697095,0.699602,0.499563
12,0.696595,0.699255,0.498766
13,0.696106,0.698972,0.498297
14,0.695668,0.698692,0.498016
15,0.695249,0.698439,0.498703
