epoch,train_loss,val_loss,val_acc
1,0.690123,0.690202,0.537000
2,0.658521,0.685433,0.557813
3,0.637258,0.679606,0.567906
4,0.617918,0.673581,0.575313
5,0.598588,0.670292,0.580797
6,0.578887,0.669170,0.584937
7,0.558692,0.669521,0.589516
8,0.537998,0.669896,0.594672
9,0.516861,0.671960,0.600266
10,0.495767,0.673441,0.605234
11,0.474632,0.674496,0.608828
12,0.453685,0.676713,0.614234
13,0.433086,0.679562,0.618453
14,0.412996,0.681936,0.622812
15,0.393526,0.686069,0.627734
