epoch,train_loss,val_loss,val_acc
1,0.722934,0.693966,0.499406
2,0.698876,0.694719,0.499969
3,0.689336,0.696051,0.501281
4,0.683282,0.697849,0.499609
5,0.678863,0.699842,0.500656
6,0.675088,0.701790,0.500437
7,0.671869,0.703753,0.499188
8,0.668831,0.705256,0.499078
9,0.665855,0.707181,0.499109
10,0.663008,0.708702,0.500297
11,0.660112,0.710323,0.499812
12,0.657316,0.711847,0.502531
13,0.654362,0.713526,0.500938
14,0.651435,0.715343,0.500594
15,0.648474,0.717275,0.500812
