epoch,train_loss,val_loss,val_acc
1,0.711585,0.707272,0.498125
2,0.705033,0.704266,0.499312
3,0.702849,0.703303,0.496625
4,0.701702,0.702771,0.498703
5,0.700919,0.702244,0.499016
6,0.700218,0.701594,0.497859
7,0.699525,0.701116,0.498078
8,0.698881,0.700674,0.499188
9,0.698286,0.700276,0.498812
10,0.697714,0.699945,0.498578
11,0.697174,0.699589,0.498781
12,0.696664,0.699269,0.498000
13,0.696186,0.698975,0.498875
14,0.695725,0.698669,0.498781
15,0.695294,0.698441,0.498484
