epoch,train_loss,val_loss,val_acc
1,0.700327,0.693212,0.503703
2,0.677753,0.693540,0.498656
3,0.662143,0.694980,0.498656
4,0.646265,0.697860,0.499547
5,0.630263,0.703372,0.499688
6,0.613330,0.711354,0.500828
7,0.595617,0.721725,0.500031
8,0.577483,0.733613,0.499734
9,0.558846,0.748535,0.500531
10,0.539933,0.765180,0.499391
11,0.520845,0.783490,0.499469
12,0.501431,0.802984,0.499734
13,0.482146,0.826104,0.499266
14,0.462971,0.847971,0.499188
15,0.443964,0.870773,0.500188
