epoch,train_loss,val_loss,val_acc
1,0.690498,0.689577,0.548188
2,0.658420,0.685090,0.562234
3,0.637111,0.679706,0.570234
4,0.617233,0.674642,0.575406
5,0.597617,0.671362,0.579969
6,0.577339,0.670975,0.584359
7,0.556840,0.672974,0.586922
8,0.536039,0.675313,0.590453
9,0.515078,0.679213,0.594219
10,0.494049,0.684263,0.597422
11,0.473034,0.690732,0.600797
12,0.452465,0.696887,0.602719
13,0.431877,0.703038,0.605375
14,0.412213,0.711107,0.607609
15,0.392909,0.720768,0.608703
