epoch,train_loss,val_loss,val_acc
1,0.710689,0.705580,0.501359
2,0.704593,0.703232,0.501812
3,0.702792,0.702298,0.499906
4,0.701778,0.701502,0.499219
5,0.700852,0.700861,0.500078
6,0.700097,0.700416,0.500109
7,0.699409,0.699997,0.500672
8,0.698756,0.699593,0.501016
9,0.698144,0.699204,0.501047
10,0.697546,0.698882,0.500344
11,0.696999,0.698545,0.500453
12,0.696468,0.698239,0.500547
13,0.695983,0.697981,0.500750
14,0.695504,0.697728,0.500484
15,0.695067,0.697479,0.501313
