epoch,train_loss,val_loss,val_acc
1,0.717638,0.692008,0.517969
2,0.684934,0.688440,0.538891
3,0.670999,0.683774,0.553203
4,0.661836,0.679572,0.563156
5,0.654571,0.676503,0.570297
6,0.648143,0.673980,0.573828
7,0.641991,0.671598,0.578641
8,0.635857,0.669344,0.583172
9,0.629667,0.666908,0.587016
10,0.623296,0.664406,0.590594
11,0.616727,0.661403,0.594375
12,0.609945,0.658317,0.599063
13,0.602750,0.654949,0.603703
14,0.595348,0.651115,0.608187
15,0.587773,0.646799,0.613234
