epoch,train_loss,val_loss,val_acc
1,0.700119,0.693345,0.498844
2,0.676843,0.693670,0.499078
3,0.660837,0.694821,0.500437
4,0.644910,0.697957,0.497219
5,0.628741,0.703111,0.499609
6,0.611578,0.711350,0.500906
7,0.593866,0.721278,0.500828
8,0.575627,0.734770,0.499328
9,0.556794,0.750248,0.500172
10,0.537744,0.767858,0.500000
11,0.518132,0.785295,0.498250
12,0.498677,0.807301,0.498203
13,0.479193,0.826838,0.499297
14,0.459769,0.847348,0.499797
15,0.440349,0.869400,0.498828
