epoch,train_loss,val_loss,val_acc
1,0.709789,0.706191,0.499406
2,0.703968,0.704149,0.498641
3,0.702459,0.703504,0.497984
4,0.701538,0.702859,0.497969
5,0.700702,0.702204,0.497547
6,0.699963,0.701665,0.498594
7,0.699276,0.701157,0.498937
8,0.698632,0.700759,0.497922
9,0.698018,0.700410,0.498891
10,0.697436,0.699986,0.498625
11,0.696887,0.699624,0.498531
12,0.696371,0.699360,0.498641
13,0.695881,0.699036,0.498063
14,0.695414,0.698759,0.498734
15,0.694973,0.698469,0.497578
