epoch,train_loss,val_loss,val_acc
1,0.707968,0.704812,0.498656
2,0.703181,0.703004,0.498734
3,0.701686,0.702076,0.500250
4,0.700580,0.701223,0.500938
5,0.699556,0.700497,0.502125
6,0.698589,0.699778,0.503469
7,0.697686,0.699027,0.504281
8,0.696834,0.698332,0.506391
9,0.695995,0.697670,0.507203
10,0.695199,0.697086,0.507672
11,0.694451,0.696522,0.509203
12,0.693731,0.695980,0.511141
13,0.693031,0.695439,0.512359
14,0.692378,0.694963,0.513172
15,0.691745,0.694501,0.514938
