epoch,train_loss,val_loss,val_acc
1,0.727824,0.694394,0.500185
2,0.706289,0.695603,0.500656
3,0.694404,0.697235,0.500987
4,0.687163,0.699582,0.500365
5,0.682288,0.701563,0.500622
6,0.678611,0.703749,0.500990
7,0.675527,0.705460,0.501172
8,0.672793,0.707066,0.501427
9,0.670269,0.708437,0.500849
10,0.667849,0.709885,0.500995
11,0.665586,0.711412,0.500240
12,0.663360,0.713593,0.501039
13,0.661223,0.714684,0.501206
14,0.659213,0.716826,0.500229
15,0.657127,0.717776,0.500411
