epoch,train_loss,val_loss,val_acc
1,0.707278,0.704869,0.499372
2,0.702438,0.703703,0.500628
3,0.699800,0.702961,0.500013
4,0.697448,0.702545,0.500125
5,0.695314,0.702193,0.499698
6,0.693324,0.701960,0.500057
7,0.691431,0.701740,0.499396
8,0.689658,0.701782,0.499969
9,0.687901,0.701635,0.500130
10,0.686276,0.701742,0.499362
11,0.684767,0.701854,0.500055
12,0.683364,0.701844,0.499828
13,0.681989,0.702236,0.499672
14,0.680673,0.702235,0.499456
15,0.679469,0.702537,0.499846
