epoch,train_loss,val_loss,val_acc
1,0.727799,0.694316,0.501255
2,0.706511,0.695556,0.500362
3,0.694578,0.697137,0.499518
4,0.687361,0.699680,0.499836
5,0.682555,0.701808,0.499440
6,0.678897,0.704135,0.499271
7,0.675897,0.705238,0.500128
8,0.673148,0.706804,0.499841
9,0.670612,0.708635,0.499708
10,0.668247,0.710092,0.499083
11,0.666039,0.711564,0.499052
12,0.663780,0.712949,0.498781
13,0.661649,0.714336,0.498130
14,0.659573,0.715827,0.497802
15,0.657611,0.717711,0.498305
