epoch,train_loss,val_loss,val_acc
1,0.725605,0.693576,0.505568
2,0.700701,0.692898,0.513807
3,0.686107,0.691500,0.518201
4,0.676047,0.689285,0.522906
5,0.667935,0.686832,0.526435
6,0.660621,0.683314,0.530044
7,0.653670,0.679280,0.533542
8,0.647005,0.674958,0.537214
9,0.640734,0.670438,0.540286
10,0.634973,0.666564,0.542740
11,0.629751,0.663217,0.544375
12,0.625172,0.660541,0.545219
13,0.621173,0.658455,0.546148
14,0.617668,0.657366,0.546276
15,0.614583,0.656839,0.546831
