epoch,train_loss,val_loss,val_acc
1,0.707204,0.705122,0.499159
2,0.702466,0.704058,0.499203
3,0.699789,0.703148,0.499898
4,0.697420,0.702656,0.499716
5,0.695312,0.702348,0.500112
6,0.693305,0.702102,0.499911
7,0.691390,0.702002,0.499906
8,0.689583,0.701858,0.499414
9,0.687903,0.701846,0.499771
10,0.686301,0.701900,0.499240
11,0.684742,0.701950,0.499919
12,0.683312,0.702015,0.499622
13,0.681963,0.702274,0.498753
14,0.680659,0.702354,0.499060
15,0.679460,0.702603,0.499203
