epoch,train_loss,val_loss,val_acc
1,0.726367,0.693546,0.504924
2,0.701834,0.693104,0.512924
3,0.687102,0.691254,0.520445
4,0.676904,0.688703,0.525211
5,0.668817,0.685930,0.528609
6,0.661494,0.682040,0.532940
7,0.654442,0.678050,0.535971
8,0.647769,0.673460,0.539180
9,0.641415,0.669179,0.541810
10,0.635613,0.665097,0.543716
11,0.630350,0.661662,0.545930
12,0.625756,0.659150,0.546198
13,0.621787,0.656925,0.547500
14,0.618302,0.655889,0.547672
15,0.615260,0.654923,0.548195
