epoch,train_loss,val_loss,val_acc
1,0.704004,0.692402,0.514346
2,0.648696,0.689898,0.524773
3,0.612490,0.684400,0.533089
4,0.582611,0.682926,0.539099
5,0.557416,0.689331,0.541604
6,0.535542,0.703450,0.542867
7,0.516390,0.723042,0.543729
8,0.499212,0.744508,0.543948
9,0.483559,0.766248,0.543867
10,0.469507,0.788489,0.542948
11,0.456268,0.810589,0.542964
12,0.444190,0.831928,0.543245
13,0.433073,0.853609,0.543049
14,0.422522,0.873916,0.543010
15,0.412686,0.895890,0.542865
