epoch,train_loss,val_loss,val_acc
1,0.703391,0.692083,0.519570
2,0.647200,0.690041,0.526271
3,0.610995,0.684481,0.534247
4,0.581129,0.683408,0.540107
5,0.556082,0.690964,0.542789
6,0.534566,0.707286,0.544078
7,0.515830,0.726780,0.544344
8,0.498953,0.747745,0.543602
9,0.483830,0.767929,0.543539
10,0.469931,0.788392,0.542784
11,0.457161,0.809991,0.543414
12,0.445410,0.831868,0.542687
13,0.434426,0.854170,0.542091
14,0.424369,0.874638,0.541786
15,0.414860,0.895503,0.541276
