epoch,train_loss,val_loss,val_acc
1,0.713573,0.693489,0.499904
2,0.665065,0.693725,0.499576
3,0.636358,0.696559,0.500453
4,0.612280,0.703649,0.499888
5,0.592133,0.716823,0.500352
6,0.574570,0.734739,0.499466
7,0.559344,0.758830,0.499299
8,0.545891,0.782078,0.499359
9,0.533911,0.806284,0.499398
10,0.523237,0.828085,0.499135
11,0.513418,0.849107,0.498930
12,0.504632,0.868905,0.499771
13,0.496601,0.886143,0.499654
14,0.489283,0.901477,0.499174
15,0.482574,0.916712,0.499570
