epoch,train_loss,val_loss,val_acc
1,0.706753,0.704720,0.499914
2,0.702144,0.703586,0.499815
3,0.699268,0.702514,0.501573
4,0.696729,0.701902,0.501435
5,0.694400,0.701387,0.501927
6,0.692223,0.701051,0.502328
7,0.690137,0.700604,0.503565
8,0.688160,0.700398,0.503409
9,0.686227,0.700176,0.504060
10,0.684407,0.699940,0.504602
11,0.682698,0.699929,0.504901
12,0.681079,0.699824,0.505214
13,0.679551,0.699701,0.506461
14,0.678082,0.699853,0.506437
15,0.676730,0.699857,0.507003
