epoch,train_loss,val_loss,val_acc
1,0.712724,0.693670,0.499281
2,0.666907,0.693925,0.499029
3,0.640611,0.697505,0.499539
4,0.618186,0.704401,0.499531
5,0.599192,0.715757,0.499542
6,0.582837,0.732608,0.499719
7,0.568363,0.752833,0.500362
8,0.555602,0.775215,0.499966
9,0.544295,0.796831,0.499690
10,0.534116,0.817553,0.499917
11,0.525156,0.837366,0.499734
12,0.516949,0.856401,0.499461
13,0.509494,0.870781,0.499297
14,0.502725,0.886065,0.499667
15,0.496578,0.898692,0.499289
