epoch,train_loss,val_loss,val_acc
1,0.706347,0.704399,0.500833
2,0.701798,0.703139,0.500576
3,0.699005,0.702414,0.501573
4,0.696534,0.701653,0.503177
5,0.694230,0.701247,0.502070
6,0.692011,0.700854,0.502938
7,0.689891,0.700463,0.503469
8,0.687913,0.700370,0.503323
9,0.686057,0.699916,0.504555
10,0.684218,0.699884,0.505057
11,0.682513,0.699733,0.504633
12,0.680905,0.699728,0.505685
13,0.679386,0.699674,0.505589
14,0.677948,0.699712,0.506469
15,0.676545,0.699825,0.506641
