epoch,train_loss,val_loss,val_acc
1,0.574665,0.636268,0.734688
2,0.386845,0.482849,0.768594
3,0.338858,0.377015,0.783344
4,0.321885,0.345439,0.793500
5,0.308578,0.331866,0.810312
6,0.296668,0.322348,0.820344
7,0.285614,0.313619,0.831562
8,0.274638,0.305434,0.840156
9,0.263965,0.295696,0.848313
10,0.252422,0.286975,0.856906
11,0.241065,0.277925,0.862781
12,0.229164,0.267243,0.870250
13,0.217021,0.257732,0.873563
14,0.205074,0.246434,0.882156
15,0.192975,0.237082,0.886250
