epoch,train_loss,val_loss,val_acc
1,0.713351,0.709113,0.500563
2,0.707824,0.705023,0.502812
3,0.704935,0.702755,0.501719
4,0.703379,0.701468,0.501656
5,0.702365,0.700631,0.501969
6,0.701561,0.700010,0.501469
7,0.700906,0.699579,0.501437
8,0.700327,0.699218,0.502125
9,0.699803,0.698842,0.502000
10,0.699320,0.698487,0.500656
11,0.698849,0.698173,0.501250
12,0.698414,0.697869,0.501313
13,0.697980,0.697592,0.501062
14,0.697575,0.697330,0.501500
15,0.697201,0.697111,0.502281
