epoch,train_loss,val_loss,val_acc
1,0.710326,0.708887,0.496937
2,0.705548,0.705737,0.497156
3,0.703198,0.704118,0.498688
4,0.701963,0.703134,0.499750
5,0.701167,0.702534,0.498031
6,0.700575,0.702081,0.496875
7,0.700053,0.701719,0.496875
8,0.699549,0.701324,0.496250
9,0.699071,0.700927,0.496625
10,0.698623,0.700546,0.496250
11,0.698189,0.700154,0.496125
12,0.697774,0.699740,0.496875
13,0.697389,0.699408,0.497594
14,0.697010,0.699102,0.496719
15,0.696661,0.698814,0.496937
