epoch,train_loss,val_loss,val_acc
1,0.570668,0.628861,0.735156
2,0.384861,0.475170,0.765813
3,0.339386,0.373222,0.784687
4,0.322002,0.342837,0.794094
5,0.309116,0.329604,0.812125
6,0.297331,0.320347,0.822438
7,0.285943,0.311329,0.833156
8,0.274817,0.302898,0.842063
9,0.263807,0.293369,0.850375
10,0.252115,0.284746,0.856156
11,0.240486,0.274432,0.865344
12,0.228327,0.265042,0.870437
13,0.216528,0.254957,0.875969
14,0.204779,0.244604,0.882656
15,0.193026,0.234112,0.888719
