epoch,train_loss,val_loss,val_acc
1,0.699505,0.693550,0.498063
2,0.682306,0.693890,0.497094
3,0.671880,0.694859,0.497437
4,0.661455,0.697109,0.495469
5,0.650899,0.700825,0.496094
6,0.639567,0.706278,0.496531
7,0.627582,0.713301,0.495406
8,0.615012,0.721564,0.494219
9,0.602034,0.730281,0.495719
10,0.588489,0.739338,0.497844
11,0.574541,0.750578,0.493937
12,0.560434,0.761403,0.497469
13,0.545876,0.772997,0.497781
14,0.531333,0.785119,0.496625
15,0.516353,0.796744,0.497937
