epoch,train_loss,val_loss,val_acc
1,0.719714,0.693693,0.502125
2,0.697220,0.694989,0.501531
3,0.688304,0.696311,0.501188
4,0.682170,0.697860,0.499156
5,0.677728,0.700000,0.497312
6,0.674065,0.702113,0.498000
7,0.670622,0.703855,0.497000
8,0.667352,0.705891,0.497656
9,0.664235,0.707849,0.498250
10,0.661169,0.709530,0.500500
11,0.658032,0.711315,0.498031
12,0.654804,0.713343,0.499719
13,0.651469,0.714949,0.500313
14,0.648123,0.716448,0.503687
15,0.644759,0.718823,0.501281
