epoch,train_loss,val_loss,val_acc
1,0.696517,0.692819,0.509375
2,0.673619,0.689697,0.542250
3,0.654990,0.682257,0.568063
4,0.635672,0.670894,0.586531
5,0.615010,0.658101,0.600688
6,0.593912,0.643784,0.613313
7,0.573245,0.631758,0.620563
8,0.552906,0.619996,0.628656
9,0.533481,0.609230,0.633938
10,0.514765,0.599445,0.639188
11,0.497104,0.591637,0.642563
12,0.479959,0.582891,0.649250
13,0.463244,0.574156,0.654656
14,0.446640,0.565858,0.660781
15,0.431097,0.558522,0.668562
