epoch,train_loss,val_loss,val_acc
1,0.699631,0.693409,0.499656
2,0.683113,0.693515,0.502938
3,0.673554,0.694242,0.503156
4,0.663969,0.695813,0.505344
5,0.654058,0.698987,0.500500
6,0.643420,0.703179,0.503094
7,0.632101,0.709661,0.501563
8,0.620053,0.716473,0.500344
9,0.607577,0.724340,0.502969
10,0.593900,0.733464,0.503719
11,0.580492,0.742663,0.503313
12,0.566428,0.753343,0.505344
13,0.552169,0.763062,0.501750
14,0.537649,0.773014,0.504750
15,0.522596,0.786810,0.500625
