epoch,train_loss,val_loss,val_acc
1,0.699342,0.693393,0.500344
2,0.683070,0.693646,0.500188
3,0.673371,0.694954,0.500437
4,0.663872,0.697242,0.500500
5,0.654283,0.700873,0.501000
6,0.644085,0.705619,0.500594
7,0.633203,0.712114,0.496312
8,0.621655,0.718594,0.497750
9,0.609804,0.726666,0.494844
10,0.597165,0.734817,0.497844
11,0.584331,0.743810,0.498344
12,0.570831,0.754132,0.498281
13,0.557060,0.764639,0.498406
14,0.543092,0.775238,0.499625
15,0.528873,0.787015,0.498656
