epoch,train_loss,val_loss,val_acc
1,0.719667,0.693669,0.499500
2,0.696713,0.694522,0.498906
3,0.687827,0.695845,0.499937
4,0.681736,0.697449,0.502062
5,0.677226,0.699447,0.502281
6,0.673521,0.701522,0.502625
7,0.670209,0.703691,0.499625
8,0.667069,0.705783,0.502125
9,0.663888,0.707283,0.501375
10,0.660721,0.709012,0.503969
11,0.657645,0.710764,0.503156
12,0.654509,0.712328,0.504031
13,0.651127,0.713995,0.503531
14,0.647716,0.715641,0.506875
15,0.644265,0.717632,0.504687
