epoch,train_loss,val_loss,val_acc
1,0.720541,0.694137,0.495188
2,0.697474,0.695358,0.498875
3,0.688621,0.696955,0.497594
4,0.682425,0.698815,0.497250
5,0.678083,0.700740,0.495312
6,0.674323,0.702813,0.495812
7,0.671039,0.704905,0.497375
8,0.667912,0.706683,0.497969
9,0.664823,0.708580,0.496563
10,0.661767,0.710407,0.498812
11,0.658621,0.711713,0.500125
12,0.655488,0.713937,0.498781
13,0.652167,0.715556,0.500250
14,0.648912,0.717837,0.497969
15,0.645465,0.719369,0.499156
