epoch,train_loss,val_loss,val_acc
1,0.708491,0.705353,0.501812
2,0.704494,0.702827,0.501281
3,0.702569,0.701741,0.502437
4,0.701610,0.701180,0.501062
5,0.700987,0.700681,0.500375
6,0.700431,0.700235,0.500969
7,0.699911,0.699797,0.501750
8,0.699409,0.699354,0.501844
9,0.698932,0.698967,0.502750
10,0.698484,0.698637,0.502281
11,0.698057,0.698319,0.502156
12,0.697645,0.698024,0.502062
13,0.697262,0.697722,0.502750
14,0.696887,0.697446,0.502125
15,0.696540,0.697204,0.502062
