epoch,train_loss,val_loss,val_acc
1,0.709195,0.703786,0.508250
2,0.705289,0.701473,0.507875
3,0.703369,0.700331,0.507094
4,0.702241,0.699601,0.506969
5,0.701393,0.699059,0.508344
6,0.700704,0.698588,0.508469
7,0.700116,0.698155,0.507812
8,0.699576,0.697804,0.507656
9,0.699069,0.697453,0.507844
10,0.698607,0.697163,0.507219
11,0.698152,0.696859,0.507281
12,0.697724,0.696564,0.506750
13,0.697326,0.696282,0.508719
14,0.696937,0.696045,0.508969
15,0.696573,0.695869,0.509563
