epoch,train_loss,val_loss,val_acc
1,0.717813,0.693045,0.508719
2,0.689050,0.691916,0.520437
3,0.675828,0.689587,0.532719
4,0.666270,0.686152,0.542625
5,0.658264,0.682119,0.553063
6,0.650891,0.678665,0.560625
7,0.643795,0.675403,0.565250
8,0.636514,0.672228,0.570125
9,0.629191,0.669255,0.573031
10,0.621489,0.666390,0.578281
11,0.613686,0.662921,0.582344
12,0.605661,0.658836,0.588719
13,0.597478,0.655171,0.591969
14,0.588965,0.651023,0.597500
15,0.580430,0.646842,0.602000
