epoch,train_loss,val_loss,val_acc
1,0.717094,0.693155,0.509594
2,0.688566,0.692124,0.518188
3,0.675244,0.689725,0.531125
4,0.665295,0.686482,0.540469
5,0.657029,0.682419,0.549063
6,0.649367,0.678500,0.558187
7,0.641776,0.674822,0.566937
8,0.634161,0.671521,0.572281
9,0.626464,0.668382,0.574531
10,0.618513,0.665393,0.579094
11,0.610409,0.661660,0.584063
12,0.601991,0.657649,0.589375
13,0.593538,0.653778,0.592063
14,0.585039,0.650007,0.596938
15,0.576296,0.645733,0.600531
