epoch,train_loss,val_loss,val_acc
1,0.711345,0.707768,0.502094
2,0.706470,0.704927,0.501313
3,0.703713,0.703444,0.497875
4,0.702093,0.702601,0.497031
5,0.701140,0.701985,0.498875
6,0.700490,0.701471,0.499406
7,0.699955,0.700987,0.499563
8,0.699452,0.700537,0.499406
9,0.698984,0.700141,0.499063
10,0.698532,0.699794,0.500062
11,0.698104,0.699451,0.500000
12,0.697693,0.699102,0.500094
13,0.697307,0.698793,0.500031
14,0.696939,0.698539,0.499937
15,0.696583,0.698268,0.499688
