epoch,train_loss,val_loss,val_acc
1,0.699370,0.693388,0.499125
2,0.681371,0.693744,0.501156
3,0.670692,0.694401,0.504188
4,0.660052,0.696454,0.500875
5,0.649085,0.699813,0.503531
6,0.637438,0.704680,0.503687
7,0.625214,0.711859,0.501094
8,0.612271,0.719607,0.504313
9,0.598775,0.728984,0.504687
10,0.584568,0.738305,0.506125
11,0.570132,0.748551,0.505281
12,0.555189,0.759912,0.507062
13,0.539927,0.769785,0.505094
14,0.524775,0.782051,0.506062
15,0.509495,0.795581,0.506031
