epoch,train_loss,val_loss,val_acc
1,0.696880,0.692852,0.509781
2,0.674593,0.690805,0.535531
3,0.657214,0.685640,0.556969
4,0.638949,0.676844,0.576063
5,0.619666,0.666341,0.588625
6,0.599264,0.654819,0.602219
7,0.578639,0.643349,0.611656
8,0.558551,0.633339,0.618875
9,0.538870,0.623776,0.623812
10,0.520195,0.615807,0.629469
11,0.502506,0.607705,0.633188
12,0.484885,0.600636,0.637844
13,0.468571,0.594499,0.641344
14,0.452343,0.587706,0.648062
15,0.436553,0.581477,0.653969
