epoch,train_loss,val_loss,val_acc
1,0.642572,0.663244,0.661781
2,0.500383,0.588930,0.740625
3,0.433089,0.489400,0.765281
4,0.396899,0.417567,0.772656
5,0.376159,0.382919,0.781469
6,0.362838,0.366906,0.785906
7,0.352975,0.358220,0.791500
8,0.344904,0.352295,0.799312
9,0.337853,0.347784,0.803656
10,0.331108,0.343305,0.810469
11,0.324433,0.339163,0.815625
12,0.317808,0.334722,0.819937
13,0.311141,0.329973,0.826844
14,0.304216,0.325029,0.831000
15,0.296899,0.319864,0.837313
