epoch,train_loss,val_loss,val_acc
1,0.636178,0.661923,0.690125
2,0.498028,0.587055,0.755406
3,0.431792,0.487446,0.773813
4,0.395905,0.415362,0.781188
5,0.375040,0.380118,0.788625
6,0.361747,0.364213,0.792781
7,0.352015,0.355622,0.799031
8,0.344098,0.349933,0.805344
9,0.336990,0.345325,0.809969
10,0.330248,0.340761,0.814625
11,0.323588,0.336473,0.819187
12,0.316819,0.331646,0.825875
13,0.310062,0.327018,0.830000
14,0.302861,0.321875,0.835000
15,0.295470,0.316354,0.839281
