epoch,train_loss,val_loss,val_acc
1,0.711124,0.708298,0.497719
2,0.706475,0.705140,0.499156
3,0.703904,0.703634,0.500719
4,0.702492,0.702864,0.500844
5,0.701618,0.702303,0.500844
6,0.700956,0.701810,0.499812
7,0.700385,0.701371,0.498969
8,0.699855,0.700960,0.498781
9,0.699363,0.700581,0.498125
10,0.698897,0.700161,0.497750
11,0.698455,0.699745,0.498437
12,0.698034,0.699402,0.498375
13,0.697625,0.699077,0.498125
14,0.697245,0.698763,0.498500
15,0.696881,0.698454,0.498312
