epoch,train_loss,val_loss,val_acc
1,0.710447,0.705849,0.507812
2,0.703663,0.700754,0.511156
3,0.699337,0.697578,0.515437
4,0.696620,0.695481,0.519469
5,0.694576,0.693820,0.524312
6,0.692915,0.692333,0.527969
7,0.691362,0.690910,0.531188
8,0.689889,0.689511,0.536000
9,0.688446,0.688128,0.541344
10,0.687033,0.686804,0.546531
11,0.685640,0.685548,0.550469
12,0.684271,0.684236,0.555937
13,0.682924,0.682958,0.561781
14,0.681596,0.681716,0.567000
15,0.680286,0.680517,0.572063
