epoch,train_loss,val_loss,val_acc
1,0.708940,0.705315,0.510156
2,0.702263,0.700060,0.514531
3,0.698274,0.696876,0.519781
4,0.695713,0.694660,0.523156
5,0.693764,0.692942,0.527875
6,0.692122,0.691446,0.533250
7,0.690594,0.690070,0.537875
8,0.689125,0.688742,0.542719
9,0.687688,0.687437,0.546344
10,0.686279,0.686122,0.550063
11,0.684887,0.684798,0.554813
12,0.683520,0.683546,0.560344
13,0.682176,0.682263,0.565125
14,0.680849,0.681012,0.569438
15,0.679543,0.679796,0.575187
