epoch,train_loss,val_loss,val_acc
1,0.719345,0.694051,0.500687
2,0.696709,0.695365,0.500563
3,0.687979,0.696757,0.499344
4,0.681852,0.698222,0.499156
5,0.677560,0.700001,0.500469
6,0.673918,0.701774,0.501750
7,0.670607,0.703221,0.501188
8,0.667351,0.704664,0.501906
9,0.664162,0.706453,0.501687
10,0.661085,0.708450,0.503625
11,0.657854,0.710024,0.502406
12,0.654603,0.711941,0.504437
13,0.651348,0.713988,0.504375
14,0.647927,0.715728,0.506437
15,0.644319,0.717747,0.505844
