epoch,train_loss,val_loss,val_acc
1,0.696953,0.693128,0.504406
2,0.675001,0.692023,0.520406
3,0.657553,0.688977,0.535125
4,0.639293,0.683110,0.548438
5,0.620433,0.675431,0.557094
6,0.601818,0.669659,0.565719
7,0.584036,0.664547,0.571469
8,0.566502,0.659935,0.581688
9,0.548989,0.657930,0.589938
10,0.531910,0.656224,0.596781
11,0.514873,0.653921,0.603406
12,0.498232,0.651847,0.610094
13,0.481611,0.651104,0.616000
14,0.465214,0.649488,0.620000
15,0.448888,0.648950,0.627437
