epoch,train_loss,val_loss,val_acc
1,0.699336,0.693312,0.500875
2,0.683039,0.693475,0.503875
3,0.673394,0.694587,0.497250
4,0.663683,0.696873,0.499625
5,0.653890,0.700355,0.497594
6,0.643273,0.704886,0.496594
7,0.632146,0.711666,0.496188
8,0.620175,0.719194,0.495625
9,0.607410,0.727502,0.495937
10,0.594546,0.737087,0.495937
11,0.580933,0.745431,0.497781
12,0.567010,0.756316,0.497281
13,0.552954,0.768018,0.493406
14,0.538423,0.779642,0.494937
15,0.524262,0.792965,0.494844
