epoch,train_loss,val_loss,val_acc
1,0.697565,0.692901,0.504406
2,0.675524,0.691508,0.524312
3,0.658551,0.687541,0.543500
4,0.640351,0.680367,0.554813
5,0.621362,0.672082,0.562656
6,0.602770,0.665119,0.573562
7,0.584613,0.659142,0.582438
8,0.566565,0.656375,0.588313
9,0.548564,0.651676,0.597688
10,0.530780,0.647549,0.605469
11,0.513008,0.645348,0.611938
12,0.495254,0.642878,0.619875
13,0.477396,0.638192,0.626469
14,0.459969,0.636450,0.632094
15,0.443031,0.634122,0.638062
