epoch,train_loss,val_loss,val_acc
1,0.709592,0.707382,0.501188
2,0.705739,0.704444,0.502031
3,0.703602,0.702698,0.501375
4,0.702223,0.701507,0.502625
5,0.701269,0.700698,0.503844
6,0.700564,0.700103,0.503875
7,0.699973,0.699606,0.504563
8,0.699436,0.699214,0.504281
9,0.698948,0.698833,0.504250
10,0.698472,0.698528,0.503906
11,0.698024,0.698255,0.504625
12,0.697601,0.697965,0.503906
13,0.697202,0.697700,0.504375
14,0.696825,0.697463,0.504031
15,0.696471,0.697200,0.504750
