epoch,train_loss,val_loss,val_acc
1,0.717394,0.693527,0.503313
2,0.691794,0.693740,0.508500
3,0.680154,0.693195,0.518469
4,0.671393,0.691442,0.524156
5,0.663926,0.688846,0.529687
6,0.656778,0.686131,0.535500
7,0.649770,0.683036,0.537156
8,0.642788,0.680618,0.540875
9,0.636178,0.678802,0.544937
10,0.629921,0.677365,0.548312
11,0.623469,0.676028,0.552188
12,0.617276,0.675038,0.556031
13,0.610701,0.673608,0.559781
14,0.603961,0.672270,0.560406
15,0.596971,0.670413,0.562125
