epoch,train_loss,val_loss,val_acc
1,0.713916,0.710987,0.499469
2,0.707865,0.706401,0.499656
3,0.704712,0.704015,0.499312
4,0.703083,0.702668,0.499219
5,0.702109,0.701803,0.499750
6,0.701403,0.701190,0.500625
7,0.700839,0.700728,0.501906
8,0.700314,0.700319,0.501281
9,0.699835,0.699943,0.500469
10,0.699357,0.699588,0.499906
11,0.698904,0.699242,0.500875
12,0.698464,0.698928,0.500594
13,0.698051,0.698610,0.500750
14,0.697657,0.698321,0.500719
15,0.697276,0.698021,0.501469
