epoch,train_loss,val_loss,val_acc
1,0.707531,0.705490,0.499875
2,0.703723,0.703555,0.500812
3,0.702026,0.702852,0.499594
4,0.701197,0.702421,0.499375
5,0.700644,0.701990,0.497812
6,0.700102,0.701488,0.497250
7,0.699573,0.701017,0.497094
8,0.699074,0.700584,0.497125
9,0.698601,0.700195,0.497375
10,0.698152,0.699804,0.498000
11,0.697724,0.699490,0.496906
12,0.697318,0.699159,0.497344
13,0.696938,0.698847,0.498844
14,0.696572,0.698550,0.499375
15,0.696229,0.698258,0.498906
