epoch,train_loss,val_loss,val_acc
1,0.720771,0.694160,0.498281
2,0.697181,0.695379,0.497812
3,0.688340,0.696724,0.496719
4,0.682250,0.698231,0.499344
5,0.677774,0.700363,0.500719
6,0.674116,0.701957,0.500250
7,0.670754,0.703568,0.500406
8,0.667668,0.705323,0.497937
9,0.664595,0.707859,0.496344
10,0.661483,0.709306,0.496750
11,0.658487,0.711098,0.496625
12,0.655389,0.713087,0.497688
13,0.652267,0.715089,0.497688
14,0.648949,0.717187,0.495312
15,0.645640,0.719168,0.495656
