epoch,train_loss,val_loss,val_acc
1,0.717511,0.714681,0.493156
2,0.710533,0.709318,0.496688
3,0.706152,0.705874,0.497625
4,0.703402,0.703731,0.499188
5,0.701696,0.702391,0.499219
6,0.700667,0.701544,0.499969
7,0.699963,0.701008,0.499375
8,0.699436,0.700585,0.499844
9,0.698976,0.700235,0.499281
10,0.698571,0.699876,0.500156
11,0.698179,0.699583,0.499563
12,0.697817,0.699299,0.500031
13,0.697471,0.699014,0.501531
14,0.697131,0.698720,0.500906
15,0.696820,0.698473,0.500375
