epoch,train_loss,val_loss,val_acc
1,0.699372,0.693567,0.495531
2,0.681181,0.693804,0.497125
3,0.670376,0.694790,0.497437
4,0.659720,0.696410,0.498531
5,0.648471,0.699825,0.497719
6,0.636698,0.704767,0.497844
7,0.624162,0.711212,0.501594
8,0.611051,0.719138,0.501437
9,0.597392,0.728179,0.501844
10,0.583113,0.738623,0.501719
11,0.568593,0.750112,0.500219
12,0.553906,0.762322,0.500406
13,0.538796,0.773495,0.499437
14,0.523564,0.786746,0.499500
15,0.508410,0.798856,0.499719
