epoch,train_loss,val_loss,val_acc
1,0.719375,0.693983,0.498594
2,0.696458,0.694677,0.501062
3,0.687901,0.696006,0.496844
4,0.682039,0.698059,0.498375
5,0.677732,0.699986,0.496344
6,0.674137,0.701865,0.499719
7,0.670921,0.703959,0.499812
8,0.667783,0.705894,0.500469
9,0.664840,0.707957,0.497656
10,0.661882,0.709650,0.497656
11,0.658834,0.711344,0.499250
12,0.655727,0.712957,0.498563
13,0.652731,0.714886,0.498344
14,0.649608,0.716810,0.500094
15,0.646377,0.718831,0.497781
