epoch,train_loss,val_loss,val_acc
1,0.717740,0.693480,0.503594
2,0.692284,0.693207,0.508875
3,0.681175,0.692055,0.520531
4,0.672425,0.689887,0.528250
5,0.664934,0.686709,0.534750
6,0.657901,0.683262,0.539406
7,0.650829,0.679920,0.543281
8,0.644021,0.677551,0.546500
9,0.638051,0.675600,0.548687
10,0.632185,0.674343,0.550375
11,0.626329,0.672935,0.554344
12,0.620455,0.671807,0.557844
13,0.614276,0.670089,0.558219
14,0.608094,0.668698,0.563281
15,0.601506,0.666978,0.571719
