epoch,train_loss,val_loss,val_acc
1,0.711563,0.707223,0.502094
2,0.707048,0.704565,0.500687
3,0.704559,0.703176,0.500250
4,0.703068,0.702199,0.500344
5,0.702011,0.701408,0.499844
6,0.701254,0.700794,0.500406
7,0.700641,0.700325,0.500219
8,0.700110,0.699851,0.500281
9,0.699613,0.699456,0.500812
10,0.699119,0.699109,0.500500
11,0.698647,0.698801,0.501938
12,0.698204,0.698485,0.501500
13,0.697788,0.698176,0.501750
14,0.697390,0.697927,0.501750
15,0.697014,0.697673,0.502094
