epoch,train_loss,val_loss,val_acc
1,0.718667,0.693912,0.498750
2,0.696494,0.695208,0.500531
3,0.688098,0.696772,0.498906
4,0.682355,0.698615,0.500188
5,0.678280,0.700460,0.500313
6,0.674789,0.702327,0.498719
7,0.671718,0.704071,0.497750
8,0.668836,0.705663,0.498531
9,0.665923,0.707229,0.499469
10,0.663157,0.708911,0.499406
11,0.660197,0.710284,0.500469
12,0.657344,0.711736,0.500219
13,0.654346,0.713399,0.498969
14,0.651165,0.714576,0.499531
15,0.648054,0.716649,0.500531
