epoch,train_loss,val_loss,val_acc
1,0.720257,0.693839,0.497469
2,0.697153,0.695004,0.494312
3,0.688155,0.696566,0.496125
4,0.682131,0.698192,0.501219
5,0.677543,0.700064,0.498688
6,0.673952,0.701930,0.498875
7,0.670496,0.703927,0.498469
8,0.667337,0.706234,0.497906
9,0.664138,0.708024,0.498875
10,0.660959,0.709896,0.497500
11,0.657968,0.711935,0.498281
12,0.654620,0.713921,0.496719
13,0.651471,0.715777,0.498094
14,0.648129,0.718213,0.495719
15,0.644774,0.720059,0.497188
