epoch,train_loss,val_loss,val_acc
1,0.699660,0.693371,0.504000
2,0.682503,0.693662,0.500406
3,0.672313,0.694472,0.504375
4,0.662801,0.696436,0.501500
5,0.652874,0.699590,0.501969
6,0.642497,0.703931,0.500969
7,0.631555,0.709676,0.500469
8,0.619789,0.717421,0.502125
9,0.607458,0.724621,0.501750
10,0.594804,0.734630,0.500594
11,0.582105,0.744773,0.503000
12,0.568457,0.753559,0.502156
13,0.554672,0.764995,0.500156
14,0.540866,0.776786,0.499563
15,0.526804,0.788961,0.499250
