epoch,train_loss,val_loss,val_acc
1,0.699808,0.693466,0.500469
2,0.681802,0.693948,0.494625
3,0.671291,0.694992,0.496594
4,0.661021,0.697127,0.498375
5,0.650131,0.701026,0.495500
6,0.638915,0.706478,0.494250
7,0.626893,0.712768,0.494969
8,0.614048,0.721253,0.495281
9,0.600783,0.729849,0.494000
10,0.587022,0.740048,0.496937
11,0.572883,0.752075,0.494812
12,0.558198,0.764855,0.497812
13,0.543830,0.777231,0.496344
14,0.529137,0.789106,0.496469
15,0.514288,0.803500,0.497812
