epoch,train_loss,val_loss,val_acc
1,0.712184,0.709477,0.497188
2,0.707105,0.706014,0.498531
3,0.704291,0.704067,0.498094
4,0.702692,0.702886,0.496312
5,0.701703,0.702036,0.494844
6,0.700992,0.701483,0.495594
7,0.700428,0.701048,0.495250
8,0.699920,0.700616,0.495406
9,0.699443,0.700238,0.495344
10,0.698991,0.699830,0.494719
11,0.698555,0.699523,0.495219
12,0.698127,0.699215,0.496031
13,0.697739,0.698902,0.495625
14,0.697362,0.698571,0.494969
15,0.697009,0.698321,0.494812
