epoch,train_loss,val_loss,val_acc
1,0.709863,0.705323,0.501250
2,0.704397,0.703262,0.500859
3,0.702737,0.702347,0.501828
4,0.701752,0.701568,0.501547
5,0.700866,0.700917,0.501594
6,0.700103,0.700384,0.501422
7,0.699418,0.700022,0.499984
8,0.698784,0.699624,0.501359
9,0.698167,0.699199,0.501516
10,0.697589,0.698810,0.501641
11,0.697054,0.698488,0.501531
12,0.696542,0.698208,0.501641
13,0.696041,0.697882,0.501969
14,0.695593,0.697651,0.501422
15,0.695168,0.697419,0.502000
