epoch,train_loss,val_loss,val_acc
1,0.700505,0.693414,0.499391
2,0.677035,0.693675,0.500375
3,0.661376,0.694908,0.503953
4,0.645618,0.697961,0.503078
5,0.629488,0.703074,0.503094
6,0.612569,0.711010,0.502422
7,0.594964,0.720498,0.503031
8,0.576757,0.733303,0.502984
9,0.557768,0.747476,0.502016
10,0.538616,0.765435,0.503031
11,0.519025,0.783976,0.502062
12,0.499488,0.805765,0.502812
13,0.479949,0.826876,0.501250
14,0.460357,0.848844,0.499781
15,0.441287,0.875498,0.499609
