epoch,train_loss,val_loss,val_acc
1,0.700434,0.693272,0.501875
2,0.678241,0.693475,0.502219
3,0.662773,0.694529,0.502437
4,0.646678,0.697027,0.502453
5,0.629999,0.702153,0.502359
6,0.612705,0.710342,0.503281
7,0.594558,0.720934,0.503531
8,0.575705,0.733661,0.501859
9,0.556243,0.748308,0.501437
10,0.536586,0.766417,0.501625
11,0.516613,0.783793,0.504188
12,0.496653,0.804042,0.502531
13,0.476735,0.824478,0.501812
14,0.457031,0.846389,0.503000
15,0.437440,0.870051,0.504188
