epoch,train_loss,val_loss,val_acc
1,0.723009,0.693860,0.500797
2,0.699175,0.694830,0.500406
3,0.689991,0.696419,0.502656
4,0.684332,0.698316,0.502000
5,0.680084,0.700245,0.502016
6,0.676520,0.702052,0.500469
7,0.673490,0.703868,0.500094
8,0.670573,0.705437,0.500094
9,0.667898,0.706975,0.500703
10,0.665205,0.708317,0.501000
11,0.662588,0.709950,0.500953
12,0.659983,0.711116,0.500906
13,0.657340,0.712833,0.501859
14,0.654594,0.714147,0.501047
15,0.651830,0.715990,0.500578
