epoch,train_loss,val_loss,val_acc
1,0.700426,0.693364,0.499750
2,0.677589,0.693633,0.499984
3,0.661971,0.694957,0.499563
4,0.645996,0.698164,0.499578
5,0.629409,0.703947,0.502000
6,0.612100,0.712216,0.500578
7,0.594074,0.722915,0.500984
8,0.575390,0.736916,0.499766
9,0.556240,0.752889,0.500125
10,0.536481,0.771643,0.498766
11,0.516801,0.790391,0.499203
12,0.496976,0.807833,0.500078
13,0.477183,0.829019,0.499203
14,0.457820,0.853180,0.499250
15,0.438229,0.873828,0.500188
