epoch,train_loss,val_loss,val_acc
1,0.723452,0.693747,0.502563
2,0.699562,0.694792,0.498344
3,0.690245,0.696529,0.498609
4,0.684462,0.698586,0.498000
5,0.680122,0.700473,0.498203
6,0.676572,0.702347,0.500156
7,0.673519,0.704128,0.499094
8,0.670590,0.705740,0.498703
9,0.667898,0.707487,0.498719
10,0.665238,0.708880,0.499203
11,0.662615,0.710514,0.499469
12,0.659939,0.711890,0.499672
13,0.657314,0.713633,0.497766
14,0.654549,0.715617,0.498984
15,0.651802,0.717469,0.498203
