epoch,train_loss,val_loss,val_acc
1,0.710688,0.705357,0.502406
2,0.704265,0.702570,0.502078
3,0.702433,0.701851,0.502297
4,0.701753,0.701342,0.503062
5,0.700976,0.700761,0.501969
6,0.700214,0.700357,0.501922
7,0.699535,0.699912,0.501938
8,0.698913,0.699441,0.502203
9,0.698314,0.699091,0.502266
10,0.697748,0.698747,0.502047
11,0.697222,0.698363,0.501969
12,0.696712,0.698140,0.501328
13,0.696225,0.697846,0.502500
14,0.695791,0.697561,0.501906
15,0.695355,0.697327,0.501953
