epoch,train_loss,val_loss,val_acc
1,0.712019,0.707014,0.500469
2,0.704906,0.703829,0.499031
3,0.702795,0.702702,0.500359
4,0.701763,0.702049,0.499828
5,0.700990,0.701484,0.500406
6,0.700333,0.701019,0.499203
7,0.699646,0.700468,0.500750
8,0.699035,0.700081,0.501047
9,0.698439,0.699715,0.500516
10,0.697883,0.699324,0.501203
11,0.697358,0.698968,0.501687
12,0.696852,0.698655,0.502203
13,0.696384,0.698390,0.502203
14,0.695928,0.698069,0.502109
15,0.695509,0.697801,0.501828
