epoch,train_loss,val_loss,val_acc
1,0.723214,0.693703,0.504906
2,0.699416,0.694738,0.505078
3,0.690284,0.696238,0.502531
4,0.684567,0.698014,0.502750
5,0.680286,0.700030,0.503313
6,0.676726,0.702194,0.501453
7,0.673622,0.704101,0.501156
8,0.670644,0.705687,0.499531
9,0.667877,0.707274,0.500406
10,0.665104,0.709014,0.499156
11,0.662329,0.710427,0.499531
12,0.659666,0.711909,0.498547
13,0.656932,0.713533,0.499141
14,0.654100,0.715542,0.498188
15,0.651305,0.717117,0.499078
