epoch,train_loss,val_loss,val_acc
1,0.722713,0.693963,0.499234
2,0.699319,0.695009,0.499422
3,0.690227,0.696549,0.500234
4,0.684471,0.698417,0.500766
5,0.680129,0.700288,0.503219
6,0.676517,0.702294,0.502391
7,0.673448,0.704225,0.499312
8,0.670548,0.706038,0.499188
9,0.667845,0.707595,0.499875
10,0.665086,0.709291,0.499016
11,0.662390,0.710760,0.498203
12,0.659646,0.712335,0.497906
13,0.656932,0.713970,0.499453
14,0.654110,0.715736,0.499281
15,0.651347,0.717419,0.499531
