epoch,train_loss,val_loss,val_acc
1,0.712157,0.705826,0.499359
2,0.704664,0.702742,0.501094
3,0.702711,0.701839,0.501344
4,0.701914,0.701195,0.500156
5,0.701154,0.700713,0.500234
6,0.700424,0.700251,0.500891
7,0.699762,0.699844,0.500938
8,0.699141,0.699405,0.500469
9,0.698574,0.699015,0.500516
10,0.698001,0.698652,0.500703
11,0.697473,0.698351,0.501375
12,0.696973,0.698054,0.501656
13,0.696494,0.697770,0.502078
14,0.696033,0.697492,0.502328
15,0.695611,0.697207,0.503031
