epoch,train_loss,val_loss,val_acc
1,0.700332,0.693330,0.502062
2,0.677814,0.693691,0.501516
3,0.662085,0.695127,0.499859
4,0.646051,0.698280,0.499047
5,0.629531,0.703818,0.498078
6,0.611960,0.711695,0.497594
7,0.593759,0.722198,0.498281
8,0.574867,0.736961,0.498094
9,0.555458,0.753341,0.497203
10,0.535839,0.770245,0.497063
11,0.515767,0.789915,0.498219
12,0.495871,0.811571,0.498828
13,0.475808,0.831133,0.499031
14,0.455897,0.851179,0.498484
15,0.436163,0.876318,0.497859
