epoch,train_loss,val_loss,val_acc
1,0.713366,0.693404,0.499387
2,0.671597,0.693452,0.500734
3,0.647807,0.695918,0.500597
4,0.627598,0.701154,0.500359
5,0.610415,0.711955,0.499826
6,0.595500,0.725271,0.500019
7,0.582570,0.743801,0.499799
8,0.571083,0.762779,0.499475
9,0.560956,0.781786,0.499181
10,0.552015,0.799757,0.499419
11,0.543909,0.814901,0.499919
12,0.536715,0.827386,0.499428
13,0.530299,0.839285,0.500046
14,0.524219,0.851120,0.499488
15,0.518762,0.860720,0.499905
