epoch,train_loss,val_loss,val_acc
1,0.727630,0.694344,0.500083
2,0.707048,0.695448,0.500190
3,0.695333,0.696832,0.499935
4,0.688145,0.698977,0.500225
5,0.683433,0.701338,0.500475
6,0.679825,0.703105,0.499708
7,0.676942,0.704831,0.499838
8,0.674347,0.706240,0.499757
9,0.672008,0.708027,0.499454
10,0.669794,0.709412,0.499840
11,0.667731,0.710181,0.499414
12,0.665666,0.711882,0.499933
13,0.663724,0.713968,0.499428
14,0.661783,0.715149,0.499975
15,0.659982,0.716603,0.499403
