epoch,train_loss,val_loss,val_acc
1,0.706942,0.704502,0.500808
2,0.702408,0.703552,0.500507
3,0.699756,0.702695,0.500877
4,0.697453,0.702228,0.501377
5,0.695325,0.701763,0.501845
6,0.693260,0.701744,0.501319
7,0.691376,0.701453,0.500687
8,0.689525,0.701348,0.500819
9,0.687811,0.701291,0.500903
10,0.686181,0.701437,0.500604
11,0.684657,0.701441,0.500620
12,0.683211,0.701530,0.500752
13,0.681831,0.701786,0.500132
14,0.680536,0.701867,0.500928
15,0.679332,0.702179,0.500687
