epoch,train_loss,val_loss,val_acc
1,0.706897,0.704469,0.500581
2,0.702486,0.703412,0.501120
3,0.699818,0.702636,0.500894
4,0.697546,0.702052,0.500694
5,0.695366,0.701747,0.501322
6,0.693356,0.701540,0.500532
7,0.691437,0.701326,0.500958
8,0.689647,0.701262,0.500715
9,0.687919,0.701213,0.500806
10,0.686254,0.701214,0.501685
11,0.684724,0.701236,0.501118
12,0.683299,0.701448,0.500699
13,0.681942,0.701512,0.500391
14,0.680599,0.701673,0.500970
15,0.679399,0.701942,0.500435
