epoch,train_loss,val_loss,val_acc
1,0.727558,0.694482,0.499840
2,0.706618,0.695701,0.498532
3,0.694906,0.697350,0.499484
4,0.687755,0.699317,0.499245
5,0.682976,0.701927,0.499074
6,0.679347,0.703378,0.499144
7,0.676391,0.705169,0.498824
8,0.673710,0.706556,0.499759
9,0.671250,0.708103,0.499134
10,0.669011,0.709127,0.499493
11,0.666854,0.710464,0.500083
12,0.664783,0.711946,0.499850
13,0.662742,0.713284,0.500213
14,0.660786,0.715071,0.499535
15,0.658828,0.716512,0.500009
