epoch,train_loss,val_loss,val_acc
1,0.727628,0.694534,0.499451
2,0.706590,0.695795,0.498461
3,0.694842,0.697282,0.499435
4,0.687735,0.699664,0.499623
5,0.683017,0.701517,0.498472
6,0.679424,0.703905,0.498569
7,0.676473,0.705165,0.499111
8,0.673825,0.706758,0.499815
9,0.671406,0.708618,0.500245
10,0.669131,0.709363,0.499991
11,0.666957,0.710857,0.500188
12,0.664842,0.712441,0.500586
13,0.662817,0.713939,0.500380
14,0.660906,0.715946,0.499944
15,0.658914,0.717469,0.500125
