epoch,train_loss,val_loss,val_acc
1,0.707010,0.704869,0.499995
2,0.702350,0.703868,0.499530
3,0.699720,0.703050,0.499215
4,0.697425,0.702562,0.499935
5,0.695274,0.702249,0.499282
6,0.693204,0.701977,0.499660
7,0.691312,0.701865,0.499340
8,0.689501,0.701701,0.499586
9,0.687777,0.701640,0.499771
10,0.686139,0.701713,0.499387
11,0.684613,0.701741,0.499750
12,0.683172,0.701860,0.500294
13,0.681824,0.702020,0.500201
14,0.680555,0.702290,0.500194
15,0.679327,0.702435,0.500338
