epoch,train_loss,val_loss,val_acc
1,0.698701,0.691848,0.524059
2,0.650488,0.688428,0.539443
3,0.619143,0.678899,0.552514
4,0.592859,0.671016,0.558900
5,0.570796,0.670414,0.563104
6,0.551660,0.677090,0.565674
7,0.534830,0.689142,0.567225
8,0.519531,0.702270,0.568496
9,0.505780,0.715632,0.568496
10,0.493145,0.729168,0.568018
11,0.481679,0.742711,0.567703
12,0.471109,0.754905,0.567682
13,0.461606,0.767222,0.567086
14,0.452862,0.780187,0.567002
15,0.444899,0.792278,0.567020
