epoch,train_loss,val_loss,val_acc
1,0.710800,0.693381,0.499569
2,0.668769,0.693434,0.499269
3,0.643982,0.695176,0.499824
4,0.623130,0.700948,0.500576
5,0.605795,0.711513,0.500685
6,0.590941,0.728006,0.500403
7,0.578134,0.746947,0.501252
8,0.566823,0.765830,0.500704
9,0.556819,0.783670,0.501447
10,0.548014,0.800329,0.501144
11,0.540168,0.814113,0.501664
12,0.532955,0.827868,0.501984
13,0.526458,0.840081,0.501875
14,0.520488,0.851374,0.501808
15,0.515033,0.862160,0.501373
