epoch,train_loss,val_loss,val_acc
1,0.706706,0.704417,0.501613
2,0.701844,0.702767,0.502699
3,0.698852,0.701766,0.503117
4,0.696257,0.700952,0.504818
5,0.693809,0.700255,0.506115
6,0.691500,0.699680,0.506275
7,0.689277,0.699159,0.507338
8,0.687149,0.698778,0.508416
9,0.685160,0.698497,0.509156
10,0.683245,0.698236,0.510396
11,0.681419,0.697892,0.511244
12,0.679676,0.697854,0.511715
13,0.678037,0.697613,0.512619
14,0.676496,0.697445,0.513502
15,0.674998,0.697462,0.514209
