epoch,train_loss,val_loss,val_acc
1,0.712265,0.693423,0.499389
2,0.669148,0.693496,0.499558
3,0.644085,0.695876,0.499299
4,0.622623,0.701724,0.499644
5,0.604711,0.712089,0.499410
6,0.589314,0.728264,0.499611
7,0.575996,0.746042,0.499778
8,0.564440,0.765146,0.499655
9,0.554125,0.784748,0.499060
10,0.545063,0.802220,0.499243
11,0.536992,0.818931,0.499116
12,0.529669,0.833002,0.498502
13,0.523017,0.846994,0.498373
14,0.516965,0.858996,0.498729
15,0.511447,0.869711,0.498625
