epoch,train_loss,val_loss,val_acc
1,0.727873,0.694282,0.500938
2,0.707055,0.695512,0.499678
3,0.695385,0.697183,0.499544
4,0.688201,0.699373,0.499421
5,0.683445,0.701721,0.499947
6,0.679867,0.703343,0.499086
7,0.676923,0.705177,0.499484
8,0.674336,0.706611,0.500039
9,0.671955,0.707677,0.499336
10,0.669729,0.708533,0.499521
11,0.667610,0.710527,0.499324
12,0.665533,0.712021,0.499391
13,0.663572,0.713622,0.499204
14,0.661680,0.714959,0.499023
15,0.659795,0.717075,0.499530
