epoch,train_loss,val_loss,val_acc
1,0.700431,0.693342,0.499172
2,0.678028,0.693765,0.497500
3,0.662717,0.694940,0.500297
4,0.646932,0.697866,0.500766
5,0.630703,0.703158,0.499937
6,0.613392,0.710506,0.502016
7,0.595456,0.721576,0.499016
8,0.576849,0.735344,0.501359
9,0.557740,0.750542,0.501250
10,0.538400,0.768028,0.500188
11,0.518894,0.786902,0.499609
12,0.499412,0.807268,0.499812
13,0.479696,0.827057,0.500453
14,0.460138,0.849065,0.500313
15,0.440907,0.869628,0.499547
