epoch,train_loss,val_loss,val_acc
1,0.722724,0.694180,0.497453
2,0.698929,0.695458,0.497766
3,0.689602,0.697216,0.496578
4,0.683776,0.699335,0.497109
5,0.679365,0.701451,0.497922
6,0.675778,0.703348,0.498344
7,0.672625,0.705099,0.498344
8,0.669743,0.706668,0.499563
9,0.666933,0.708188,0.498563
10,0.664183,0.710165,0.497016
11,0.661446,0.711821,0.497937
12,0.658704,0.713308,0.498391
13,0.655967,0.715376,0.498516
14,0.653192,0.716753,0.499016
15,0.650431,0.718817,0.500625
