epoch,train_loss,val_loss,val_acc
1,0.711544,0.705481,0.501609
2,0.704753,0.702980,0.501313
3,0.703049,0.702224,0.502656
4,0.702189,0.701584,0.502031
5,0.701363,0.700994,0.503203
6,0.700622,0.700570,0.502141
7,0.699928,0.700140,0.503609
8,0.699278,0.699751,0.502188
9,0.698660,0.699364,0.501672
10,0.698075,0.699014,0.502375
11,0.697519,0.698709,0.502766
12,0.696987,0.698388,0.503188
13,0.696488,0.698123,0.503281
14,0.696014,0.697887,0.502297
15,0.695573,0.697675,0.503250
