epoch,train_loss,val_loss,val_acc
1,0.723547,0.694013,0.500047
2,0.699302,0.694904,0.499391
3,0.689871,0.696352,0.502016
4,0.684023,0.698249,0.500875
5,0.679613,0.700263,0.501984
6,0.676068,0.702244,0.501313
7,0.672897,0.704087,0.502156
8,0.670066,0.705850,0.502359
9,0.667250,0.707550,0.501203
10,0.664529,0.709154,0.501672
11,0.661808,0.710583,0.501047
12,0.659091,0.712392,0.501047
13,0.656356,0.713830,0.500578
14,0.653678,0.715762,0.500563
15,0.650936,0.717843,0.499563
