epoch,train_loss,val_loss,val_acc
1,0.710987,0.706327,0.500016
2,0.704520,0.703180,0.500094
3,0.702600,0.702261,0.501812
4,0.701755,0.701658,0.502609
5,0.700939,0.701120,0.502375
6,0.700228,0.700683,0.501656
7,0.699557,0.700264,0.500844
8,0.698924,0.699894,0.501172
9,0.698322,0.699486,0.502734
10,0.697762,0.699159,0.502547
11,0.697226,0.698832,0.501969
12,0.696721,0.698519,0.502344
13,0.696230,0.698250,0.502094
14,0.695773,0.698020,0.501234
15,0.695356,0.697801,0.500687
