epoch,train_loss,val_loss,val_acc
1,0.708782,0.705183,0.498891
2,0.703510,0.703049,0.499781
3,0.702108,0.702316,0.500031
4,0.701365,0.701841,0.499547
5,0.700570,0.701318,0.499078
6,0.699813,0.700892,0.499141
7,0.699161,0.700406,0.500203
8,0.698511,0.699981,0.499203
9,0.697908,0.699581,0.499203
10,0.697343,0.699269,0.498719
11,0.696805,0.698974,0.499219
12,0.696292,0.698658,0.499297
13,0.695820,0.698364,0.498875
14,0.695375,0.698103,0.499203
15,0.694942,0.697892,0.499266
