epoch,train_loss,val_loss,val_acc
1,0.700461,0.693495,0.497063
2,0.677634,0.693837,0.498172
3,0.661840,0.695196,0.499594
4,0.646054,0.698093,0.500172
5,0.629788,0.702626,0.498812
6,0.612800,0.710249,0.500828
7,0.595111,0.720309,0.501672
8,0.577215,0.732734,0.501453
9,0.558969,0.747560,0.502203
10,0.540084,0.764528,0.501625
11,0.521439,0.782009,0.502094
12,0.502618,0.801700,0.501781
13,0.483768,0.824871,0.501422
14,0.465066,0.842911,0.500609
15,0.446716,0.867054,0.499797
