epoch,train_loss,val_loss,val_acc
1,0.700720,0.693564,0.497312
2,0.678511,0.693815,0.498734
3,0.663463,0.694982,0.499328
4,0.647851,0.697961,0.499703
5,0.631818,0.703158,0.498781
6,0.614852,0.710350,0.498672
7,0.597067,0.720206,0.499453
8,0.578831,0.732732,0.497516
9,0.560089,0.746715,0.500938
10,0.540966,0.763905,0.501437
11,0.521694,0.782334,0.500703
12,0.502273,0.803379,0.500891
13,0.482935,0.821590,0.500172
14,0.463418,0.845652,0.500859
15,0.444418,0.868409,0.500859
