epoch,train_loss,val_loss,val_acc
1,0.700299,0.693419,0.499469
2,0.679125,0.693744,0.499047
3,0.664360,0.695021,0.500844
4,0.649034,0.698049,0.501234
5,0.633028,0.703815,0.500641
6,0.616044,0.712077,0.497969
7,0.598214,0.724073,0.498812
8,0.579632,0.737726,0.498047
9,0.560504,0.753698,0.497688
10,0.540946,0.771012,0.498844
11,0.521298,0.787211,0.498359
12,0.501422,0.808490,0.497109
13,0.481459,0.827263,0.498875
14,0.461981,0.850473,0.498703
15,0.442368,0.870580,0.499953
