epoch,train_loss,val_loss,val_acc
1,0.723261,0.693959,0.501938
2,0.699236,0.694976,0.499594
3,0.689823,0.696690,0.498750
4,0.683923,0.698598,0.496375
5,0.679522,0.700412,0.498672
6,0.675881,0.702272,0.498563
7,0.672698,0.704140,0.500203
8,0.669725,0.705822,0.499094
9,0.666951,0.707577,0.499188
10,0.664054,0.709059,0.499125
11,0.661226,0.710785,0.499328
12,0.658388,0.712597,0.498797
13,0.655537,0.714275,0.499297
14,0.652745,0.716451,0.498750
15,0.649792,0.718317,0.498719
