epoch,train_loss,val_loss,val_acc
1,0.723455,0.693992,0.498078
2,0.699164,0.695167,0.497063
3,0.689775,0.696829,0.498984
4,0.684040,0.698804,0.498125
5,0.679669,0.700789,0.498203
6,0.676110,0.702797,0.498328
7,0.673065,0.704758,0.499437
8,0.670134,0.706579,0.498672
9,0.667349,0.708306,0.498328
10,0.664641,0.709658,0.498312
11,0.661947,0.711282,0.498172
12,0.659207,0.712870,0.498281
13,0.656449,0.714674,0.499047
14,0.653770,0.716221,0.499906
15,0.650952,0.718257,0.499297
