epoch,train_loss,val_loss,val_acc
1,0.708815,0.706226,0.497063
2,0.703823,0.704469,0.494766
3,0.702423,0.703583,0.494234
4,0.701541,0.702894,0.495703
5,0.700756,0.702235,0.495250
6,0.700013,0.701733,0.494844
7,0.699316,0.701332,0.495328
8,0.698685,0.700906,0.494891
9,0.698076,0.700487,0.495266
10,0.697499,0.700117,0.495250
11,0.696951,0.699779,0.495906
12,0.696428,0.699477,0.495766
13,0.695949,0.699129,0.496625
14,0.695490,0.698880,0.496047
15,0.695056,0.698605,0.495719
