{
    "simon": {
        "1": {
            "LR": {
                "acc": 0.46875,
                "hamming": 17.0
            },
            "MLP": {
                "acc": 0.565625,
                "hamming": 13.9
            },
            "CNN": {
                "acc": 0.63828125,
                "hamming": 11.575
            }
        },
        "2": {
            "LR": {
                "acc": 0.4859375,
                "hamming": 16.45
            },
            "MLP": {
                "acc": 0.49453125,
                "hamming": 16.175
            },
            "CNN": {
                "acc": 0.51015625,
                "hamming": 15.675
            }
        },
        "3": {
            "LR": {
                "acc": 0.490625,
                "hamming": 16.3
            },
            "MLP": {
                "acc": 0.503125,
                "hamming": 15.9
            },
            "CNN": {
                "acc": 0.50390625,
                "hamming": 15.875
            }
        },
        "4": {
            "LR": {
                "acc": 0.50703125,
                "hamming": 15.775
            },
            "MLP": {
                "acc": 0.49296875,
                "hamming": 16.225
            },
            "CNN": {
                "acc": 0.50234375,
                "hamming": 15.925
            }
        },
        "5": {
            "LR": {
                "acc": 0.49609375,
                "hamming": 16.125
            },
            "MLP": {
                "acc": 0.546875,
                "hamming": 14.5
            },
            "CNN": {
                "acc": 0.490625,
                "hamming": 16.3
            }
        }
    },
    "speck": {
        "1": {
            "LR": {
                "acc": 0.496875,
                "hamming": 16.1
            },
            "MLP": {
                "acc": 0.50078125,
                "hamming": 15.975
            },
            "CNN": {
                "acc": 0.5265625,
                "hamming": 15.15
            }
        },
        "2": {
            "LR": {
                "acc": 0.534375,
                "hamming": 14.9
            },
            "MLP": {
                "acc": 0.51796875,
                "hamming": 15.425
            },
            "CNN": {
                "acc": 0.49921875,
                "hamming": 16.025
            }
        },
        "3": {
            "LR": {
                "acc": 0.52109375,
                "hamming": 15.325
            },
            "MLP": {
                "acc": 0.48984375,
                "hamming": 16.325
            },
            "CNN": {
                "acc": 0.509375,
                "hamming": 15.7
            }
        },
        "4": {
            "LR": {
                "acc": 0.50859375,
                "hamming": 15.725
            },
            "MLP": {
                "acc": 0.48984375,
                "hamming": 16.325
            },
            "CNN": {
                "acc": 0.46484375,
                "hamming": 17.125
            }
        },
        "5": {
            "LR": {
                "acc": 0.50234375,
                "hamming": 15.925
            },
            "MLP": {
                "acc": 0.4796875,
                "hamming": 16.65
            },
            "CNN": {
                "acc": 0.484375,
                "hamming": 16.5
            }
        }
    }
}